"Statistic","Year","Local Government District","Gender and working pattern","Construction","Manufacturing","Services","Other","All"
"Employee Jobs",2015,"Antrim and Newtownabbey","Female full-time",257,1169,11313,136,12875
"Employee Jobs",2015,"Antrim and Newtownabbey","Female part-time",117,204,14524,46,14891
"Employee Jobs",2015,"Antrim and Newtownabbey","Male full-time",2137,5900,14569,695,23301
"Employee Jobs",2015,"Antrim and Newtownabbey","Male part-time",76,97,4680,17,4870
"Employee Jobs",2015,"Antrim and Newtownabbey","All",2587,7370,45086,894,55937
"Employee Jobs",2015,"Armagh City, Banbridge and Craigavon","Female full-time",256,2333,15707,103,18399
"Employee Jobs",2015,"Armagh City, Banbridge and Craigavon","Female part-time",187,723,16820,57,17787
"Employee Jobs",2015,"Armagh City, Banbridge and Craigavon","Male full-time",2739,8382,16035,931,28087
"Employee Jobs",2015,"Armagh City, Banbridge and Craigavon","Male part-time",174,319,5289,46,5828
"Employee Jobs",2015,"Armagh City, Banbridge and Craigavon","All",3356,11757,53851,1137,70101
"Employee Jobs",2015,"Belfast","Female full-time",478,1384,62118,440,64420
"Employee Jobs",2015,"Belfast","Female part-time",208,384,47399,89,48080
"Employee Jobs",2015,"Belfast","Male full-time",3664,7676,76149,1571,89060
"Employee Jobs",2015,"Belfast","Male part-time",131,199,18267,33,18630
"Employee Jobs",2015,"Belfast","All",4481,9643,203933,2133,220190
"Employee Jobs",2015,"Causeway Coast and Glens","Female full-time",149,556,9001,38,9744
"Employee Jobs",2015,"Causeway Coast and Glens","Female part-time",111,199,11739,14,12063
"Employee Jobs",2015,"Causeway Coast and Glens","Male full-time",1682,2777,8624,387,13470
"Employee Jobs",2015,"Causeway Coast and Glens","Male part-time",132,122,3990,31,4275
"Employee Jobs",2015,"Causeway Coast and Glens","All",2074,3654,33354,470,39552
"Employee Jobs",2015,"Derry City and Strabane","Female full-time",152,792,14387,58,15389
"Employee Jobs",2015,"Derry City and Strabane","Female part-time",107,204,13771,29,14111
"Employee Jobs",2015,"Derry City and Strabane","Male full-time",1787,3955,12648,524,18914
"Employee Jobs",2015,"Derry City and Strabane","Male part-time",189,141,4852,34,5216
"Employee Jobs",2015,"Derry City and Strabane","All",2235,5092,45658,645,53630
"Employee Jobs",2015,"Fermanagh and Omagh","Female full-time",169,747,9631,65,10612
"Employee Jobs",2015,"Fermanagh and Omagh","Female part-time",144,193,10103,23,10463
"Employee Jobs",2015,"Fermanagh and Omagh","Male full-time",2170,3701,7570,656,14097
"Employee Jobs",2015,"Fermanagh and Omagh","Male part-time",241,168,3781,64,4254
"Employee Jobs",2015,"Fermanagh and Omagh","All",2724,4809,31085,808,39426
"Employee Jobs",2015,"Lisburn and Castlereagh","Female full-time",320,731,13181,65,14297
"Employee Jobs",2015,"Lisburn and Castlereagh","Female part-time",139,263,13347,19,13768
"Employee Jobs",2015,"Lisburn and Castlereagh","Male full-time",2255,4070,14584,427,21336
"Employee Jobs",2015,"Lisburn and Castlereagh","Male part-time",99,77,4487,28,4691
"Employee Jobs",2015,"Lisburn and Castlereagh","All",2813,5141,45599,539,54092
"Employee Jobs",2015,"Mid and East Antrim","Female full-time",161,1524,8227,71,9983
"Employee Jobs",2015,"Mid and East Antrim","Female part-time",125,279,11126,35,11565
"Employee Jobs",2015,"Mid and East Antrim","Male full-time",1672,7229,8557,781,18239
"Employee Jobs",2015,"Mid and East Antrim","Male part-time",95,141,3434,41,3711
"Employee Jobs",2015,"Mid and East Antrim","All",2053,9173,31344,928,43498
"Employee Jobs",2015,"Mid Ulster","Female full-time",381,2307,8340,102,11130
"Employee Jobs",2015,"Mid Ulster","Female part-time",218,517,11161,36,11932
"Employee Jobs",2015,"Mid Ulster","Male full-time",3577,10706,8052,694,23029
"Employee Jobs",2015,"Mid Ulster","Male part-time",249,350,3416,50,4065
"Employee Jobs",2015,"Mid Ulster","All",4425,13880,30969,882,50156
"Employee Jobs",2015,"Newry, Mourne and Down","Female full-time",271,1571,11719,102,13663
"Employee Jobs",2015,"Newry, Mourne and Down","Female part-time",226,267,14104,35,14632
"Employee Jobs",2015,"Newry, Mourne and Down","Male full-time",2756,4657,10590,991,18994
"Employee Jobs",2015,"Newry, Mourne and Down","Male part-time",205,174,4605,68,5052
"Employee Jobs",2015,"Newry, Mourne and Down","All",3458,6669,41018,1196,52341
"Employee Jobs",2015,"Ards and North Down","Female full-time",92,433,8915,25,9465
"Employee Jobs",2015,"Ards and North Down","Female part-time",111,172,12024,7,12314
"Employee Jobs",2015,"Ards and North Down","Male full-time",910,2120,8738,280,12048
"Employee Jobs",2015,"Ards and North Down","Male part-time",87,100,4157,11,4355
"Employee Jobs",2015,"Ards and North Down","All",1200,2825,33834,323,38182
"Employee Jobs",2015,"Northern Ireland","Female full-time",2686,13547,172539,1205,189977
"Employee Jobs",2015,"Northern Ireland","Female part-time",1693,3405,176118,390,181606
"Employee Jobs",2015,"Northern Ireland","Male full-time",25349,61173,186116,7937,280575
"Employee Jobs",2015,"Northern Ireland","Male part-time",1678,1888,60958,423,64947
"Employee Jobs",2015,"Northern Ireland","All",31406,80013,595731,9955,717105
"Employee Jobs",2016,"Antrim and Newtownabbey","Female full-time",366,1215,12235,154,13970
"Employee Jobs",2016,"Antrim and Newtownabbey","Female part-time",133,200,14749,59,15141
"Employee Jobs",2016,"Antrim and Newtownabbey","Male full-time",2221,5767,17119,786,25893
"Employee Jobs",2016,"Antrim and Newtownabbey","Male part-time",82,132,4934,37,5184
"Employee Jobs",2016,"Antrim and Newtownabbey","All",2800,7315,49036,1037,60188
"Employee Jobs",2016,"Armagh City, Banbridge and Craigavon","Female full-time",272,2319,16374,74,19038
"Employee Jobs",2016,"Armagh City, Banbridge and Craigavon","Female part-time",310,593,17448,64,18415
"Employee Jobs",2016,"Armagh City, Banbridge and Craigavon","Male full-time",2983,8291,17401,935,29609
"Employee Jobs",2016,"Armagh City, Banbridge and Craigavon","Male part-time",78,330,5347,47,5803
"Employee Jobs",2016,"Armagh City, Banbridge and Craigavon","All",3643,11533,56570,1120,72866
"Employee Jobs",2016,"Belfast","Female full-time",618,1368,62563,483,65032
"Employee Jobs",2016,"Belfast","Female part-time",428,422,46074,96,47021
"Employee Jobs",2016,"Belfast","Male full-time",3278,7376,75040,1592,87285
"Employee Jobs",2016,"Belfast","Male part-time",151,166,18744,79,19140
"Employee Jobs",2016,"Belfast","All",4476,9332,202421,2251,218478
"Employee Jobs",2016,"Causeway Coast and Glens","Female full-time",125,517,9154,34,9830
"Employee Jobs",2016,"Causeway Coast and Glens","Female part-time",124,203,11420,21,11768
"Employee Jobs",2016,"Causeway Coast and Glens","Male full-time",1707,2537,8615,476,13335
"Employee Jobs",2016,"Causeway Coast and Glens","Male part-time",169,170,3956,22,4317
"Employee Jobs",2016,"Causeway Coast and Glens","All",2126,3426,33145,554,39250
"Employee Jobs",2016,"Derry City and Strabane","Female full-time",204,775,14680,62,15721
"Employee Jobs",2016,"Derry City and Strabane","Female part-time",177,207,13779,36,14199
"Employee Jobs",2016,"Derry City and Strabane","Male full-time",2281,4241,12856,534,19913
"Employee Jobs",2016,"Derry City and Strabane","Male part-time",216,142,4738,58,5154
"Employee Jobs",2016,"Derry City and Strabane","All",2877,5365,46053,691,54986
"Employee Jobs",2016,"Fermanagh and Omagh","Female full-time",145,805,9413,79,10443
"Employee Jobs",2016,"Fermanagh and Omagh","Female part-time",260,176,10545,35,11016
"Employee Jobs",2016,"Fermanagh and Omagh","Male full-time",2275,3705,7345,680,14005
"Employee Jobs",2016,"Fermanagh and Omagh","Male part-time",173,155,3983,62,4373
"Employee Jobs",2016,"Fermanagh and Omagh","All",2853,4842,31286,856,39837
"Employee Jobs",2016,"Lisburn and Castlereagh","Female full-time",396,693,13475,68,14633
"Employee Jobs",2016,"Lisburn and Castlereagh","Female part-time",187,233,13226,45,13692
"Employee Jobs",2016,"Lisburn and Castlereagh","Male full-time",1904,3959,15423,442,21728
"Employee Jobs",2016,"Lisburn and Castlereagh","Male part-time",156,104,4378,43,4681
"Employee Jobs",2016,"Lisburn and Castlereagh","All",2643,4989,46503,599,54734
"Employee Jobs",2016,"Mid and East Antrim","Female full-time",174,1461,8151,74,9860
"Employee Jobs",2016,"Mid and East Antrim","Female part-time",118,268,11459,27,11872
"Employee Jobs",2016,"Mid and East Antrim","Male full-time",1552,6773,8245,827,17397
"Employee Jobs",2016,"Mid and East Antrim","Male part-time",112,138,3418,41,3710
"Employee Jobs",2016,"Mid and East Antrim","All",1956,8640,31273,969,42839
"Employee Jobs",2016,"Mid Ulster","Female full-time",368,2436,8472,135,11411
"Employee Jobs",2016,"Mid Ulster","Female part-time",296,659,11445,34,12434
"Employee Jobs",2016,"Mid Ulster","Male full-time",3837,11192,8465,798,24292
"Employee Jobs",2016,"Mid Ulster","Male part-time",190,494,3489,63,4236
"Employee Jobs",2016,"Mid Ulster","All",4691,14781,31871,1030,52372
"Employee Jobs",2016,"Newry, Mourne and Down","Female full-time",359,2092,11647,84,14182
"Employee Jobs",2016,"Newry, Mourne and Down","Female part-time",345,301,15006,45,15696
"Employee Jobs",2016,"Newry, Mourne and Down","Male full-time",2842,4814,10584,966,19206
"Employee Jobs",2016,"Newry, Mourne and Down","Male part-time",264,221,5052,47,5584
"Employee Jobs",2016,"Newry, Mourne and Down","All",3810,7428,42289,1141,54668
"Employee Jobs",2016,"Ards and North Down","Female full-time",83,485,9113,13,9695
"Employee Jobs",2016,"Ards and North Down","Female part-time",110,157,11906,11,12185
"Employee Jobs",2016,"Ards and North Down","Male full-time",803,2073,8457,252,11586
"Employee Jobs",2016,"Ards and North Down","Male part-time",179,81,4162,10,4432
"Employee Jobs",2016,"Ards and North Down","All",1176,2797,33638,287,37898
"Employee Jobs",2016,"Northern Ireland","Female full-time",3110,14165,175279,1261,193814
"Employee Jobs",2016,"Northern Ireland","Female part-time",2487,3420,177057,474,183439
"Employee Jobs",2016,"Northern Ireland","Male full-time",25683,60726,189550,8289,284249
"Employee Jobs",2016,"Northern Ireland","Male part-time",1770,2135,62200,511,66615
"Employee Jobs",2016,"Northern Ireland","All",33050,80446,604086,10535,728116
"Employee Jobs",2017,"Antrim and Newtownabbey","Female full-time",274,1252,12417,177,14120
"Employee Jobs",2017,"Antrim and Newtownabbey","Female part-time",115,219,14574,43,14951
"Employee Jobs",2017,"Antrim and Newtownabbey","Male full-time",2022,5798,16865,802,25487
"Employee Jobs",2017,"Antrim and Newtownabbey","Male part-time",72,118,4987,12,5189
"Employee Jobs",2017,"Antrim and Newtownabbey","All",2481,7387,48843,1035,59747
"Employee Jobs",2017,"Armagh City, Banbridge and Craigavon","Female full-time",311,2505,16202,78,19097
"Employee Jobs",2017,"Armagh City, Banbridge and Craigavon","Female part-time",256,613,18249,60,19178
"Employee Jobs",2017,"Armagh City, Banbridge and Craigavon","Male full-time",2933,8518,16906,981,29339
"Employee Jobs",2017,"Armagh City, Banbridge and Craigavon","Male part-time",146,369,5676,63,6254
"Employee Jobs",2017,"Armagh City, Banbridge and Craigavon","All",3647,12006,57034,1181,73868
"Employee Jobs",2017,"Belfast","Female full-time",508,1475,61858,468,64309
"Employee Jobs",2017,"Belfast","Female part-time",249,410,49099,83,49841
"Employee Jobs",2017,"Belfast","Male full-time",4433,7676,75866,1551,89526
"Employee Jobs",2017,"Belfast","Male part-time",158,248,19986,29,20421
"Employee Jobs",2017,"Belfast","All",5348,9809,206809,2132,224098
"Employee Jobs",2017,"Causeway Coast and Glens","Female full-time",179,576,8918,95,9767
"Employee Jobs",2017,"Causeway Coast and Glens","Female part-time",177,227,11723,31,12159
"Employee Jobs",2017,"Causeway Coast and Glens","Male full-time",2125,2969,8769,411,14274
"Employee Jobs",2017,"Causeway Coast and Glens","Male part-time",186,185,3943,43,4356
"Employee Jobs",2017,"Causeway Coast and Glens","All",2666,3956,33353,581,40556
"Employee Jobs",2017,"Derry City and Strabane","Female full-time",202,916,14303,91,15512
"Employee Jobs",2017,"Derry City and Strabane","Female part-time",170,225,14118,49,14562
"Employee Jobs",2017,"Derry City and Strabane","Male full-time",2059,4326,13206,622,20213
"Employee Jobs",2017,"Derry City and Strabane","Male part-time",205,244,5023,61,5534
"Employee Jobs",2017,"Derry City and Strabane","All",2636,5711,46650,824,55821
"Employee Jobs",2017,"Fermanagh and Omagh","Female full-time",236,904,9917,85,11143
"Employee Jobs",2017,"Fermanagh and Omagh","Female part-time",180,162,11027,34,11403
"Employee Jobs",2017,"Fermanagh and Omagh","Male full-time",2415,3832,7842,776,14865
"Employee Jobs",2017,"Fermanagh and Omagh","Male part-time",275,149,3865,65,4353
"Employee Jobs",2017,"Fermanagh and Omagh","All",3106,5047,32651,960,41764
"Employee Jobs",2017,"Lisburn and Castlereagh","Female full-time",375,729,13499,80,14683
"Employee Jobs",2017,"Lisburn and Castlereagh","Female part-time",168,240,14025,32,14466
"Employee Jobs",2017,"Lisburn and Castlereagh","Male full-time",2230,4068,14998,474,21770
"Employee Jobs",2017,"Lisburn and Castlereagh","Male part-time",92,167,4824,25,5108
"Employee Jobs",2017,"Lisburn and Castlereagh","All",2865,5204,47346,611,56027
"Employee Jobs",2017,"Mid and East Antrim","Female full-time",159,1288,8552,72,10071
"Employee Jobs",2017,"Mid and East Antrim","Female part-time",158,326,11366,27,11877
"Employee Jobs",2017,"Mid and East Antrim","Male full-time",1424,6363,8947,806,17539
"Employee Jobs",2017,"Mid and East Antrim","Male part-time",73,221,3669,40,4003
"Employee Jobs",2017,"Mid and East Antrim","All",1814,8198,32533,945,43490
"Employee Jobs",2017,"Mid Ulster","Female full-time",447,2704,8731,138,12020
"Employee Jobs",2017,"Mid Ulster","Female part-time",350,566,11477,25,12417
"Employee Jobs",2017,"Mid Ulster","Male full-time",3911,11938,9108,745,25703
"Employee Jobs",2017,"Mid Ulster","Male part-time",242,305,3476,94,4116
"Employee Jobs",2017,"Mid Ulster","All",4949,15513,32793,1002,54256
"Employee Jobs",2017,"Newry, Mourne and Down","Female full-time",271,1767,12466,115,14620
"Employee Jobs",2017,"Newry, Mourne and Down","Female part-time",282,336,14828,52,15498
"Employee Jobs",2017,"Newry, Mourne and Down","Male full-time",3007,5311,11124,1050,20492
"Employee Jobs",2017,"Newry, Mourne and Down","Male part-time",223,244,4951,57,5474
"Employee Jobs",2017,"Newry, Mourne and Down","All",3782,7659,43369,1274,56084
"Employee Jobs",2017,"Ards and North Down","Female full-time",85,509,9240,13,9848
"Employee Jobs",2017,"Ards and North Down","Female part-time",153,209,11889,11,12261
"Employee Jobs",2017,"Ards and North Down","Male full-time",979,2055,8872,332,12238
"Employee Jobs",2017,"Ards and North Down","Male part-time",95,111,4182,11,4400
"Employee Jobs",2017,"Ards and North Down","All",1311,2884,34183,368,38746
"Employee Jobs",2017,"Northern Ireland","Female full-time",3047,14625,176104,1413,195190
"Employee Jobs",2017,"Northern Ireland","Female part-time",2257,3533,182374,448,188613
"Employee Jobs",2017,"Northern Ireland","Male full-time",27537,62854,192503,8552,291445
"Employee Jobs",2017,"Northern Ireland","Male part-time",1765,2362,64581,499,69208
"Employee Jobs",2017,"Northern Ireland","All",34607,83374,615563,10913,744456
"Employee Jobs",2018,"Antrim and Newtownabbey","Female full-time",290,1256,13267,129,14942
"Employee Jobs",2018,"Antrim and Newtownabbey","Female part-time",130,210,13662,48,14049
"Employee Jobs",2018,"Antrim and Newtownabbey","Male full-time",2135,5563,16701,747,25146
"Employee Jobs",2018,"Antrim and Newtownabbey","Male part-time",114,111,4730,38,4993
"Employee Jobs",2018,"Antrim and Newtownabbey","All",2670,7139,48360,961,59129
"Employee Jobs",2018,"Armagh City, Banbridge and Craigavon","Female full-time",402,2702,17072,68,20244
"Employee Jobs",2018,"Armagh City, Banbridge and Craigavon","Female part-time",239,639,18485,58,19421
"Employee Jobs",2018,"Armagh City, Banbridge and Craigavon","Male full-time",3118,9282,16879,1004,30283
"Employee Jobs",2018,"Armagh City, Banbridge and Craigavon","Male part-time",193,339,6155,49,6736
"Employee Jobs",2018,"Armagh City, Banbridge and Craigavon","All",3952,12963,58591,1179,76684
"Employee Jobs",2018,"Belfast","Female full-time",1079,1576,63481,450,66586
"Employee Jobs",2018,"Belfast","Female part-time",252,381,49121,69,49823
"Employee Jobs",2018,"Belfast","Male full-time",3876,7424,76408,1599,89307
"Employee Jobs",2018,"Belfast","Male part-time",165,235,19840,88,20329
"Employee Jobs",2018,"Belfast","All",5371,9616,208850,2207,226045
"Employee Jobs",2018,"Causeway Coast and Glens","Female full-time",180,583,9838,108,10709
"Employee Jobs",2018,"Causeway Coast and Glens","Female part-time",195,229,11063,32,11518
"Employee Jobs",2018,"Causeway Coast and Glens","Male full-time",2106,3484,9207,516,15312
"Employee Jobs",2018,"Causeway Coast and Glens","Male part-time",153,151,3856,33,4193
"Employee Jobs",2018,"Causeway Coast and Glens","All",2634,4446,33964,689,41733
"Employee Jobs",2018,"Derry City and Strabane","Female full-time",262,918,15025,85,16290
"Employee Jobs",2018,"Derry City and Strabane","Female part-time",171,256,14515,40,14982
"Employee Jobs",2018,"Derry City and Strabane","Male full-time",2102,4472,13940,607,21121
"Employee Jobs",2018,"Derry City and Strabane","Male part-time",161,166,5412,64,5803
"Employee Jobs",2018,"Derry City and Strabane","All",2696,5813,48891,796,58196
"Employee Jobs",2018,"Fermanagh and Omagh","Female full-time",215,1163,10547,106,12031
"Employee Jobs",2018,"Fermanagh and Omagh","Female part-time",131,119,10751,47,11047
"Employee Jobs",2018,"Fermanagh and Omagh","Male full-time",2255,4226,7181,818,14481
"Employee Jobs",2018,"Fermanagh and Omagh","Male part-time",149,166,3902,83,4300
"Employee Jobs",2018,"Fermanagh and Omagh","All",2750,5674,32381,1054,41860
"Employee Jobs",2018,"Lisburn and Castlereagh","Female full-time",295,1028,14083,71,15477
"Employee Jobs",2018,"Lisburn and Castlereagh","Female part-time",130,275,14172,38,14615
"Employee Jobs",2018,"Lisburn and Castlereagh","Male full-time",2650,4638,14600,638,22526
"Employee Jobs",2018,"Lisburn and Castlereagh","Male part-time",122,112,4998,37,5269
"Employee Jobs",2018,"Lisburn and Castlereagh","All",3196,6054,47854,784,57888
"Employee Jobs",2018,"Mid and East Antrim","Female full-time",214,1321,9408,69,11011
"Employee Jobs",2018,"Mid and East Antrim","Female part-time",167,213,11466,29,11875
"Employee Jobs",2018,"Mid and East Antrim","Male full-time",1637,5896,8816,794,17142
"Employee Jobs",2018,"Mid and East Antrim","Male part-time",67,179,3651,23,3920
"Employee Jobs",2018,"Mid and East Antrim","All",2085,7609,33341,913,43949
"Employee Jobs",2018,"Mid Ulster","Female full-time",473,2914,9633,144,13164
"Employee Jobs",2018,"Mid Ulster","Female part-time",358,573,11366,34,12331
"Employee Jobs",2018,"Mid Ulster","Male full-time",3766,12653,9514,845,26778
"Employee Jobs",2018,"Mid Ulster","Male part-time",334,629,3680,48,4691
"Employee Jobs",2018,"Mid Ulster","All",4931,16768,34193,1070,56963
"Employee Jobs",2018,"Newry, Mourne and Down","Female full-time",324,1918,12488,109,14840
"Employee Jobs",2018,"Newry, Mourne and Down","Female part-time",209,319,15022,69,15620
"Employee Jobs",2018,"Newry, Mourne and Down","Male full-time",2940,5080,12241,1123,21383
"Employee Jobs",2018,"Newry, Mourne and Down","Male part-time",166,222,5351,36,5775
"Employee Jobs",2018,"Newry, Mourne and Down","All",3639,7540,45102,1337,57618
"Employee Jobs",2018,"Ards and North Down","Female full-time",104,478,9370,17,9969
"Employee Jobs",2018,"Ards and North Down","Female part-time",157,176,11847,8,12189
"Employee Jobs",2018,"Ards and North Down","Male full-time",1193,2075,9008,337,12614
"Employee Jobs",2018,"Ards and North Down","Male part-time",118,168,4215,21,4522
"Employee Jobs",2018,"Ards and North Down","All",1574,2898,34440,383,39294
"Employee Jobs",2018,"Northern Ireland","Female full-time",3837,15858,184212,1356,205263
"Employee Jobs",2018,"Northern Ireland","Female part-time",2140,3391,181469,471,187470
"Employee Jobs",2018,"Northern Ireland","Male full-time",27778,64793,194496,9027,296094
"Employee Jobs",2018,"Northern Ireland","Male part-time",1744,2478,65791,520,70532
"Employee Jobs",2018,"Northern Ireland","All",35498,86519,625967,11374,759358
"Employee Jobs",2019,"Antrim and Newtownabbey","Female full-time",382,1136,12999,260,14777
"Employee Jobs",2019,"Antrim and Newtownabbey","Female part-time",142,258,15867,46,16312
"Employee Jobs",2019,"Antrim and Newtownabbey","Male full-time",2330,5195,16078,872,24475
"Employee Jobs",2019,"Antrim and Newtownabbey","Male part-time",74,95,5671,16,5857
"Employee Jobs",2019,"Antrim and Newtownabbey","All",2929,6684,50615,1194,61422
"Employee Jobs",2019,"Armagh City, Banbridge and Craigavon","Female full-time",406,2624,16741,76,19847
"Employee Jobs",2019,"Armagh City, Banbridge and Craigavon","Female part-time",279,635,18861,47,19822
"Employee Jobs",2019,"Armagh City, Banbridge and Craigavon","Male full-time",3168,9777,17439,972,31356
"Employee Jobs",2019,"Armagh City, Banbridge and Craigavon","Male part-time",184,390,6207,43,6824
"Employee Jobs",2019,"Armagh City, Banbridge and Craigavon","All",4037,13426,59247,1139,77849
"Employee Jobs",2019,"Belfast","Female full-time",646,1324,64691,508,67169
"Employee Jobs",2019,"Belfast","Female part-time",284,423,48646,80,49433
"Employee Jobs",2019,"Belfast","Male full-time",3801,7388,79987,1669,92845
"Employee Jobs",2019,"Belfast","Male part-time",123,209,20838,33,21202
"Employee Jobs",2019,"Belfast","All",4853,9345,214162,2289,230649
"Employee Jobs",2019,"Causeway Coast and Glens","Female full-time",162,619,9784,113,10678
"Employee Jobs",2019,"Causeway Coast and Glens","Female part-time",147,171,11785,38,12140
"Employee Jobs",2019,"Causeway Coast and Glens","Male full-time",1845,3471,9218,483,15017
"Employee Jobs",2019,"Causeway Coast and Glens","Male part-time",145,172,3964,17,4298
"Employee Jobs",2019,"Causeway Coast and Glens","All",2298,4433,34750,651,42133
"Employee Jobs",2019,"Derry City and Strabane","Female full-time",238,995,15988,68,17289
"Employee Jobs",2019,"Derry City and Strabane","Female part-time",181,268,14944,44,15438
"Employee Jobs",2019,"Derry City and Strabane","Male full-time",2168,4808,14521,622,22120
"Employee Jobs",2019,"Derry City and Strabane","Male part-time",207,148,5252,47,5653
"Employee Jobs",2019,"Derry City and Strabane","All",2795,6219,50705,781,60500
"Employee Jobs",2019,"Fermanagh and Omagh","Female full-time",216,1163,10158,98,11635
"Employee Jobs",2019,"Fermanagh and Omagh","Female part-time",174,165,10539,40,10917
"Employee Jobs",2019,"Fermanagh and Omagh","Male full-time",2429,4300,7873,882,15483
"Employee Jobs",2019,"Fermanagh and Omagh","Male part-time",217,194,3923,88,4422
"Employee Jobs",2019,"Fermanagh and Omagh","All",3036,5822,32492,1108,42458
"Employee Jobs",2019,"Lisburn and Castlereagh","Female full-time",305,967,13951,61,15285
"Employee Jobs",2019,"Lisburn and Castlereagh","Female part-time",217,276,14576,17,15086
"Employee Jobs",2019,"Lisburn and Castlereagh","Male full-time",2523,4484,15428,656,23091
"Employee Jobs",2019,"Lisburn and Castlereagh","Male part-time",117,116,5429,35,5697
"Employee Jobs",2019,"Lisburn and Castlereagh","All",3163,5842,49384,770,59159
"Employee Jobs",2019,"Mid and East Antrim","Female full-time",213,1218,8959,63,10453
"Employee Jobs",2019,"Mid and East Antrim","Female part-time",181,237,11642,31,12092
"Employee Jobs",2019,"Mid and East Antrim","Male full-time",1606,5722,9254,711,17293
"Employee Jobs",2019,"Mid and East Antrim","Male part-time",80,182,3919,26,4207
"Employee Jobs",2019,"Mid and East Antrim","All",2079,7359,33774,831,44044
"Employee Jobs",2019,"Mid Ulster","Female full-time",515,3190,9493,161,13359
"Employee Jobs",2019,"Mid Ulster","Female part-time",321,476,11742,38,12578
"Employee Jobs",2019,"Mid Ulster","Male full-time",4205,13472,9844,827,28349
"Employee Jobs",2019,"Mid Ulster","Male part-time",275,387,3384,83,4129
"Employee Jobs",2019,"Mid Ulster","All",5316,17525,34464,1110,58414
"Employee Jobs",2019,"Newry, Mourne and Down","Female full-time",387,1822,12553,132,14894
"Employee Jobs",2019,"Newry, Mourne and Down","Female part-time",286,367,15418,46,16117
"Employee Jobs",2019,"Newry, Mourne and Down","Male full-time",3080,5472,11863,1155,21570
"Employee Jobs",2019,"Newry, Mourne and Down","Male part-time",214,218,5058,42,5532
"Employee Jobs",2019,"Newry, Mourne and Down","All",3967,7879,44892,1375,58113
"Employee Jobs",2019,"Ards and North Down","Female full-time",78,516,9106,32,9732
"Employee Jobs",2019,"Ards and North Down","Female part-time",140,177,12017,19,12354
"Employee Jobs",2019,"Ards and North Down","Male full-time",1009,2014,9212,364,12598
"Employee Jobs",2019,"Ards and North Down","Male part-time",74,109,4333,18,4534
"Employee Jobs",2019,"Ards and North Down","All",1301,2816,34668,434,39218
"Employee Jobs",2019,"Northern Ireland","Female full-time",3549,15573,184422,1574,205118
"Employee Jobs",2019,"Northern Ireland","Female part-time",2351,3453,186037,448,192288
"Employee Jobs",2019,"Northern Ireland","Male full-time",28165,66102,200717,9212,304197
"Employee Jobs",2019,"Northern Ireland","Male part-time",1709,2221,67978,448,72356
"Employee Jobs",2019,"Northern Ireland","All",35774,87349,639154,11682,773960
"Employee Jobs",2020,"Antrim and Newtownabbey","Female full-time",421,1451,12509,277,14657
"Employee Jobs",2020,"Antrim and Newtownabbey","Female part-time",141,285,13974,40,14440
"Employee Jobs",2020,"Antrim and Newtownabbey","Male full-time",2346,5137,16817,933,25232
"Employee Jobs",2020,"Antrim and Newtownabbey","Male part-time",125,129,5108,23,5385
"Employee Jobs",2020,"Antrim and Newtownabbey","All",3033,7001,48408,1272,59715
"Employee Jobs",2020,"Armagh City, Banbridge and Craigavon","Female full-time",400,2832,16909,103,20244
"Employee Jobs",2020,"Armagh City, Banbridge and Craigavon","Female part-time",215,707,18813,61,19797
"Employee Jobs",2020,"Armagh City, Banbridge and Craigavon","Male full-time",3129,9359,18001,914,31404
"Employee Jobs",2020,"Armagh City, Banbridge and Craigavon","Male part-time",95,406,6043,68,6612
"Employee Jobs",2020,"Armagh City, Banbridge and Craigavon","All",3840,13304,59765,1147,78056
"Employee Jobs",2020,"Belfast","Female full-time",535,1549,64980,492,67556
"Employee Jobs",2020,"Belfast","Female part-time",344,333,48176,100,48954
"Employee Jobs",2020,"Belfast","Male full-time",3611,7168,78025,1737,90540
"Employee Jobs",2020,"Belfast","Male part-time",249,202,19030,27,19509
"Employee Jobs",2020,"Belfast","All",4739,9252,210211,2357,226559
"Employee Jobs",2020,"Causeway Coast and Glens","Female full-time",253,703,9371,110,10437
"Employee Jobs",2020,"Causeway Coast and Glens","Female part-time",143,201,11632,40,12016
"Employee Jobs",2020,"Causeway Coast and Glens","Male full-time",1881,3361,8883,486,14610
"Employee Jobs",2020,"Causeway Coast and Glens","Male part-time",91,131,4123,29,4373
"Employee Jobs",2020,"Causeway Coast and Glens","All",2368,4396,34009,664,41437
"Employee Jobs",2020,"Derry City and Strabane","Female full-time",295,1086,15905,88,17374
"Employee Jobs",2020,"Derry City and Strabane","Female part-time",236,253,13315,50,13855
"Employee Jobs",2020,"Derry City and Strabane","Male full-time",2346,4533,15118,626,22623
"Employee Jobs",2020,"Derry City and Strabane","Male part-time",260,189,4737,46,5233
"Employee Jobs",2020,"Derry City and Strabane","All",3137,6061,49076,810,59085
"Employee Jobs",2020,"Fermanagh and Omagh","Female full-time",201,1060,10229,99,11589
"Employee Jobs",2020,"Fermanagh and Omagh","Female part-time",213,168,10748,61,11190
"Employee Jobs",2020,"Fermanagh and Omagh","Male full-time",2664,4829,7676,832,16000
"Employee Jobs",2020,"Fermanagh and Omagh","Male part-time",197,183,3778,91,4249
"Employee Jobs",2020,"Fermanagh and Omagh","All",3276,6239,32431,1082,43029
"Employee Jobs",2020,"Lisburn and Castlereagh","Female full-time",402,1030,14288,75,15794
"Employee Jobs",2020,"Lisburn and Castlereagh","Female part-time",213,241,14270,27,14750
"Employee Jobs",2020,"Lisburn and Castlereagh","Male full-time",2600,4290,15405,613,22907
"Employee Jobs",2020,"Lisburn and Castlereagh","Male part-time",51,123,4927,30,5131
"Employee Jobs",2020,"Lisburn and Castlereagh","All",3265,5683,48889,744,58582
"Employee Jobs",2020,"Mid and East Antrim","Female full-time",164,1270,9160,61,10655
"Employee Jobs",2020,"Mid and East Antrim","Female part-time",139,246,12145,29,12559
"Employee Jobs",2020,"Mid and East Antrim","Male full-time",1747,5186,8680,645,16258
"Employee Jobs",2020,"Mid and East Antrim","Male part-time",56,120,3909,26,4112
"Employee Jobs",2020,"Mid and East Antrim","All",2106,6823,33894,761,43583
"Employee Jobs",2020,"Mid Ulster","Female full-time",497,3107,9160,167,12931
"Employee Jobs",2020,"Mid Ulster","Female part-time",334,579,11994,52,12958
"Employee Jobs",2020,"Mid Ulster","Male full-time",4544,12189,9986,872,27591
"Employee Jobs",2020,"Mid Ulster","Male part-time",211,409,3739,114,4473
"Employee Jobs",2020,"Mid Ulster","All",5586,16284,34878,1205,57954
"Employee Jobs",2020,"Newry, Mourne and Down","Female full-time",357,1811,13374,157,15699
"Employee Jobs",2020,"Newry, Mourne and Down","Female part-time",271,324,15218,59,15871
"Employee Jobs",2020,"Newry, Mourne and Down","Male full-time",3189,5047,12544,1205,21985
"Employee Jobs",2020,"Newry, Mourne and Down","Male part-time",341,296,4732,95,5464
"Employee Jobs",2020,"Newry, Mourne and Down","All",4158,7478,45867,1515,59018
"Employee Jobs",2020,"Ards and North Down","Female full-time",94,446,9581,35,10157
"Employee Jobs",2020,"Ards and North Down","Female part-time",184,217,11904,12,12318
"Employee Jobs",2020,"Ards and North Down","Male full-time",989,2046,9024,446,12505
"Employee Jobs",2020,"Ards and North Down","Male part-time",92,158,4792,29,5071
"Employee Jobs",2020,"Ards and North Down","All",1359,2867,35302,522,40051
"Employee Jobs",2020,"Northern Ireland","Female full-time",3619,16346,185466,1663,207094
"Employee Jobs",2020,"Northern Ireland","Female part-time",2433,3554,182189,531,188706
"Employee Jobs",2020,"Northern Ireland","Male full-time",29045,63145,200157,9309,301656
"Employee Jobs",2020,"Northern Ireland","Male part-time",1770,2347,64919,577,69613
"Employee Jobs",2020,"Northern Ireland","All",36867,85391,632731,12081,767070
"Employee Jobs",2021,"Antrim and Newtownabbey","Female full-time",351,1238,12619,320,14528
"Employee Jobs",2021,"Antrim and Newtownabbey","Female part-time",162,495,13275,36,13969
"Employee Jobs",2021,"Antrim and Newtownabbey","Male full-time",2320,5114,16200,977,24612
"Employee Jobs",2021,"Antrim and Newtownabbey","Male part-time",94,445,4670,69,5278
"Employee Jobs",2021,"Antrim and Newtownabbey","All",2928,7292,46764,1402,58386
"Employee Jobs",2021,"Armagh City, Banbridge and Craigavon","Female full-time",427,2996,17694,92,21208
"Employee Jobs",2021,"Armagh City, Banbridge and Craigavon","Female part-time",261,696,18979,52,19988
"Employee Jobs",2021,"Armagh City, Banbridge and Craigavon","Male full-time",3551,9341,18563,973,32428
"Employee Jobs",2021,"Armagh City, Banbridge and Craigavon","Male part-time",192,356,5789,62,6400
"Employee Jobs",2021,"Armagh City, Banbridge and Craigavon","All",4431,13389,61025,1179,80024
"Employee Jobs",2021,"Belfast","Female full-time",545,1344,68159,569,70617
"Employee Jobs",2021,"Belfast","Female part-time",196,332,47874,85,48488
"Employee Jobs",2021,"Belfast","Male full-time",3633,6823,82592,1831,94879
"Employee Jobs",2021,"Belfast","Male part-time",97,185,18569,28,18878
"Employee Jobs",2021,"Belfast","All",4471,8684,217194,2513,232863
"Employee Jobs",2021,"Causeway Coast and Glens","Female full-time",183,663,9772,93,10711
"Employee Jobs",2021,"Causeway Coast and Glens","Female part-time",182,221,11622,50,12074
"Employee Jobs",2021,"Causeway Coast and Glens","Male full-time",1949,3394,9585,502,15429
"Employee Jobs",2021,"Causeway Coast and Glens","Male part-time",145,175,3866,23,4209
"Employee Jobs",2021,"Causeway Coast and Glens","All",2458,4453,34845,668,42424
"Employee Jobs",2021,"Derry City and Strabane","Female full-time",201,936,16229,89,17455
"Employee Jobs",2021,"Derry City and Strabane","Female part-time",178,212,13714,41,14145
"Employee Jobs",2021,"Derry City and Strabane","Male full-time",2068,4590,14971,656,22285
"Employee Jobs",2021,"Derry City and Strabane","Male part-time",260,131,5015,52,5458
"Employee Jobs",2021,"Derry City and Strabane","All",2707,5869,49930,838,59344
"Employee Jobs",2021,"Fermanagh and Omagh","Female full-time",250,1132,10433,90,11904
"Employee Jobs",2021,"Fermanagh and Omagh","Female part-time",201,202,10375,52,10829
"Employee Jobs",2021,"Fermanagh and Omagh","Male full-time",2499,4876,8379,852,16607
"Employee Jobs",2021,"Fermanagh and Omagh","Male part-time",247,162,3874,63,4346
"Employee Jobs",2021,"Fermanagh and Omagh","All",3197,6372,33061,1057,43687
"Employee Jobs",2021,"Lisburn and Castlereagh","Female full-time",399,983,15246,86,16714
"Employee Jobs",2021,"Lisburn and Castlereagh","Female part-time",197,296,14312,18,14823
"Employee Jobs",2021,"Lisburn and Castlereagh","Male full-time",2781,4590,16022,626,24019
"Employee Jobs",2021,"Lisburn and Castlereagh","Male part-time",111,118,4939,38,5206
"Employee Jobs",2021,"Lisburn and Castlereagh","All",3489,5987,50519,768,60762
"Employee Jobs",2021,"Mid and East Antrim","Female full-time",214,1098,9577,73,10961
"Employee Jobs",2021,"Mid and East Antrim","Female part-time",182,288,11042,39,11551
"Employee Jobs",2021,"Mid and East Antrim","Male full-time",1653,4864,9512,676,16704
"Employee Jobs",2021,"Mid and East Antrim","Male part-time",80,165,3358,23,3625
"Employee Jobs",2021,"Mid and East Antrim","All",2128,6415,33488,811,42842
"Employee Jobs",2021,"Mid Ulster","Female full-time",566,3321,9687,169,13742
"Employee Jobs",2021,"Mid Ulster","Female part-time",343,560,11578,34,12514
"Employee Jobs",2021,"Mid Ulster","Male full-time",4689,12718,10201,967,28576
"Employee Jobs",2021,"Mid Ulster","Male part-time",323,466,3354,75,4219
"Employee Jobs",2021,"Mid Ulster","All",5921,17066,34820,1245,59051
"Employee Jobs",2021,"Newry, Mourne and Down","Female full-time",341,1790,13667,105,15902
"Employee Jobs",2021,"Newry, Mourne and Down","Female part-time",275,514,15474,105,16368
"Employee Jobs",2021,"Newry, Mourne and Down","Male full-time",3282,5457,13136,1258,23134
"Employee Jobs",2021,"Newry, Mourne and Down","Male part-time",263,443,5027,66,5798
"Employee Jobs",2021,"Newry, Mourne and Down","All",4161,8204,47304,1534,61203
"Employee Jobs",2021,"Ards and North Down","Female full-time",95,583,9705,27,10410
"Employee Jobs",2021,"Ards and North Down","Female part-time",142,181,11812,13,12147
"Employee Jobs",2021,"Ards and North Down","Male full-time",971,2105,9702,391,13169
"Employee Jobs",2021,"Ards and North Down","Male part-time",58,104,4300,24,4486
"Employee Jobs",2021,"Ards and North Down","All",1265,2973,35519,455,40212
"Employee Jobs",2021,"Northern Ireland","Female full-time",3572,16084,192786,1713,214154
"Employee Jobs",2021,"Northern Ireland","Female part-time",2319,3997,180057,525,186898
"Employee Jobs",2021,"Northern Ireland","Male full-time",29397,63872,208864,9709,311842
"Employee Jobs",2021,"Northern Ireland","Male part-time",1869,2751,62761,523,67904
"Employee Jobs",2021,"Northern Ireland","All",37156,86703,644469,12470,780798
"Employee Jobs",2022,"Antrim and Newtownabbey","Female full-time",364,1388,13164,351,15268
"Employee Jobs",2022,"Antrim and Newtownabbey","Female part-time",118,369,13748,33,14268
"Employee Jobs",2022,"Antrim and Newtownabbey","Male full-time",2317,5321,16230,961,24831
"Employee Jobs",2022,"Antrim and Newtownabbey","Male part-time",61,251,4730,61,5103
"Employee Jobs",2022,"Antrim and Newtownabbey","All",2860,7330,47873,1407,59469
"Employee Jobs",2022,"Armagh City, Banbridge and Craigavon","Female full-time",478,3057,17891,107,21532
"Employee Jobs",2022,"Armagh City, Banbridge and Craigavon","Female part-time",277,800,20126,46,21248
"Employee Jobs",2022,"Armagh City, Banbridge and Craigavon","Male full-time",3874,9337,17819,1005,32035
"Employee Jobs",2022,"Armagh City, Banbridge and Craigavon","Male part-time",173,449,6489,70,7182
"Employee Jobs",2022,"Armagh City, Banbridge and Craigavon","All",4802,13644,62325,1227,81998
"Employee Jobs",2022,"Belfast","Female full-time",583,1326,69439,603,71951
"Employee Jobs",2022,"Belfast","Female part-time",256,408,48529,102,49295
"Employee Jobs",2022,"Belfast","Male full-time",3703,7203,81861,1910,94677
"Employee Jobs",2022,"Belfast","Male part-time",146,232,20124,50,20552
"Employee Jobs",2022,"Belfast","All",4689,9169,219952,2665,236476
"Employee Jobs",2022,"Causeway Coast and Glens","Female full-time",191,655,10254,97,11197
"Employee Jobs",2022,"Causeway Coast and Glens","Female part-time",173,208,11974,70,12425
"Employee Jobs",2022,"Causeway Coast and Glens","Male full-time",1910,3374,9395,520,15199
"Employee Jobs",2022,"Causeway Coast and Glens","Male part-time",135,158,4237,32,4561
"Employee Jobs",2022,"Causeway Coast and Glens","All",2409,4395,35860,718,43381
"Employee Jobs",2022,"Derry City and Strabane","Female full-time",243,884,16455,97,17678
"Employee Jobs",2022,"Derry City and Strabane","Female part-time",179,252,14544,38,15013
"Employee Jobs",2022,"Derry City and Strabane","Male full-time",2114,5032,14686,638,22470
"Employee Jobs",2022,"Derry City and Strabane","Male part-time",202,175,5079,50,5507
"Employee Jobs",2022,"Derry City and Strabane","All",2738,6342,50764,823,60668
"Employee Jobs",2022,"Fermanagh and Omagh","Female full-time",281,1131,10644,104,12159
"Employee Jobs",2022,"Fermanagh and Omagh","Female part-time",195,112,10759,55,11121
"Employee Jobs",2022,"Fermanagh and Omagh","Male full-time",2476,4979,8263,874,16591
"Employee Jobs",2022,"Fermanagh and Omagh","Male part-time",230,108,3973,83,4394
"Employee Jobs",2022,"Fermanagh and Omagh","All",3181,6329,33639,1115,44264
"Employee Jobs",2022,"Lisburn and Castlereagh","Female full-time",412,849,15694,78,17034
"Employee Jobs",2022,"Lisburn and Castlereagh","Female part-time",246,271,14881,21,15419
"Employee Jobs",2022,"Lisburn and Castlereagh","Male full-time",3020,4226,16844,603,24693
"Employee Jobs",2022,"Lisburn and Castlereagh","Male part-time",124,157,5276,39,5596
"Employee Jobs",2022,"Lisburn and Castlereagh","All",3802,5504,52696,741,62743
"Employee Jobs",2022,"Mid and East Antrim","Female full-time",241,1081,9267,79,10668
"Employee Jobs",2022,"Mid and East Antrim","Female part-time",159,331,11632,29,12150
"Employee Jobs",2022,"Mid and East Antrim","Male full-time",1725,4620,8923,748,16016
"Employee Jobs",2022,"Mid and East Antrim","Male part-time",102,242,3557,23,3924
"Employee Jobs",2022,"Mid and East Antrim","All",2228,6273,33378,879,42758
"Employee Jobs",2022,"Mid Ulster","Female full-time",562,3305,9799,151,13817
"Employee Jobs",2022,"Mid Ulster","Female part-time",388,677,11699,49,12813
"Employee Jobs",2022,"Mid Ulster","Male full-time",4283,12599,10659,914,28455
"Employee Jobs",2022,"Mid Ulster","Male part-time",320,503,3482,87,4392
"Employee Jobs",2022,"Mid Ulster","All",5552,17084,35639,1201,59476
"Employee Jobs",2022,"Newry, Mourne and Down","Female full-time",424,2200,13125,142,15892
"Employee Jobs",2022,"Newry, Mourne and Down","Female part-time",316,396,16294,65,17072
"Employee Jobs",2022,"Newry, Mourne and Down","Male full-time",3461,6032,12582,1220,23296
"Employee Jobs",2022,"Newry, Mourne and Down","Male part-time",245,321,5137,66,5769
"Employee Jobs",2022,"Newry, Mourne and Down","All",4447,8950,47139,1493,62028
"Employee Jobs",2022,"Ards and North Down","Female full-time",100,554,9991,38,10683
"Employee Jobs",2022,"Ards and North Down","Female part-time",141,214,12426,21,12802
"Employee Jobs",2022,"Ards and North Down","Male full-time",954,2115,9500,449,13017
"Employee Jobs",2022,"Ards and North Down","Male part-time",83,123,4481,29,4715
"Employee Jobs",2022,"Ards and North Down","All",1277,3006,36397,537,41218
"Employee Jobs",2022,"Northern Ireland","Female full-time",3879,16431,195722,1847,217879
"Employee Jobs",2022,"Northern Ireland","Female part-time",2447,4039,186611,529,193626
"Employee Jobs",2022,"Northern Ireland","Male full-time",29838,64838,206762,9842,311280
"Employee Jobs",2022,"Northern Ireland","Male part-time",1821,2718,66566,589,71694
"Employee Jobs",2022,"Northern Ireland","All",37985,88026,655661,12806,794479
