"Statistic","Grouped Year","Local Government District","Females","Males"
"Life expectancy at birth","2008-10","Antrim and Newtownabbey",81.64658783,77.78052075
"Life expectancy at birth","2008-10","Armagh City, Banbridge and Craigavon",81.8935683,76.92297705
"Life expectancy at birth","2008-10","Belfast",80.14012421,74.72896888
"Life expectancy at birth","2008-10","Causeway Coast and Glens",82.0914538,77.6112114
"Life expectancy at birth","2008-10","Derry City and Strabane",79.93494569,75.99869437
"Life expectancy at birth","2008-10","Fermanagh and Omagh",82.40591701,77.2546714
"Life expectancy at birth","2008-10","Lisburn and Castlereagh",82.21733363,78.4035646
"Life expectancy at birth","2008-10","Mid and East Antrim",81.91158452,77.50509887
"Life expectancy at birth","2008-10","Mid Ulster",81.81566634,77.74287908
"Life expectancy at birth","2008-10","Newry, Mourne and Down",81.44586832,77.46365557
"Life expectancy at birth","2008-10","Ards and North Down",82.05535389,78.32357607
"Life expectancy at birth","2008-10","NI",81.43148039,76.99565777
"Life expectancy at birth","2009-11","Antrim and Newtownabbey",81.93883276,78.31253625
"Life expectancy at birth","2009-11","Armagh City, Banbridge and Craigavon",82.39875443,77.3949779
"Life expectancy at birth","2009-11","Belfast",80.52927019,75.39806622
"Life expectancy at birth","2009-11","Causeway Coast and Glens",82.62579546,77.76147724
"Life expectancy at birth","2009-11","Derry City and Strabane",80.26640425,76.71769878
"Life expectancy at birth","2009-11","Fermanagh and Omagh",82.61251049,77.64847853
"Life expectancy at birth","2009-11","Lisburn and Castlereagh",82.29379296,78.79823331
"Life expectancy at birth","2009-11","Mid and East Antrim",82.44783002,77.60877503
"Life expectancy at birth","2009-11","Mid Ulster",82.47952538,78.28324607
"Life expectancy at birth","2009-11","Newry, Mourne and Down",82.01879028,78.04361681
"Life expectancy at birth","2009-11","Ards and North Down",82.57227682,78.3796349
"Life expectancy at birth","2009-11","NI",81.85338617,77.44089038
"Life expectancy at birth","2010-12","Antrim and Newtownabbey",81.93058267,78.23101796
"Life expectancy at birth","2010-12","Armagh City, Banbridge and Craigavon",82.52195978,78.01964897
"Life expectancy at birth","2010-12","Belfast",80.67416903,75.4513218
"Life expectancy at birth","2010-12","Causeway Coast and Glens",82.69213278,78.23700273
"Life expectancy at birth","2010-12","Derry City and Strabane",80.96825285,76.84263084
"Life expectancy at birth","2010-12","Fermanagh and Omagh",83.36074479,78.32567252
"Life expectancy at birth","2010-12","Lisburn and Castlereagh",82.6413634,79.08902858
"Life expectancy at birth","2010-12","Mid and East Antrim",82.836865,77.88751273
"Life expectancy at birth","2010-12","Mid Ulster",82.83277338,78.83367091
"Life expectancy at birth","2010-12","Newry, Mourne and Down",82.30800759,77.97088475
"Life expectancy at birth","2010-12","Ards and North Down",82.67111029,78.91449413
"Life expectancy at birth","2010-12","NI",82.13207245,77.72448055
"Life expectancy at birth","2011-13","Antrim and Newtownabbey",82.04148874,78.31789614
"Life expectancy at birth","2011-13","Armagh City, Banbridge and Craigavon",82.67620459,78.46345881
"Life expectancy at birth","2011-13","Belfast",80.82653563,75.66821407
"Life expectancy at birth","2011-13","Causeway Coast and Glens",82.65578686,78.83468835
"Life expectancy at birth","2011-13","Derry City and Strabane",81.43836828,76.96641404
"Life expectancy at birth","2011-13","Fermanagh and Omagh",83.17085205,78.49204608
"Life expectancy at birth","2011-13","Lisburn and Castlereagh",83.17795457,79.33338439
"Life expectancy at birth","2011-13","Mid and East Antrim",82.77572178,78.31586026
"Life expectancy at birth","2011-13","Mid Ulster",83.36740814,78.96644298
"Life expectancy at birth","2011-13","Newry, Mourne and Down",82.59993801,78.43018001
"Life expectancy at birth","2011-13","Ards and North Down",82.57747037,79.26561437
"Life expectancy at birth","2011-13","NI",82.307834,78.03014606
"Life expectancy at birth","2012-14","Antrim and Newtownabbey",81.81305322,78.54978284
"Life expectancy at birth","2012-14","Armagh City, Banbridge and Craigavon",82.43843116,78.87522037
"Life expectancy at birth","2012-14","Belfast",81.0317636,75.87772825
"Life expectancy at birth","2012-14","Causeway Coast and Glens",82.6994518,79.27692987
"Life expectancy at birth","2012-14","Derry City and Strabane",81.4438812,77.19343438
"Life expectancy at birth","2012-14","Fermanagh and Omagh",82.94771188,78.48285419
"Life expectancy at birth","2012-14","Lisburn and Castlereagh",83.33909927,79.71325386
"Life expectancy at birth","2012-14","Mid and East Antrim",82.74823733,78.78896942
"Life expectancy at birth","2012-14","Mid Ulster",83.32853057,79.25601373
"Life expectancy at birth","2012-14","Newry, Mourne and Down",82.52993215,78.40978491
"Life expectancy at birth","2012-14","Ards and North Down",82.6263177,79.68905119
"Life expectancy at birth","2012-14","NI",82.31623093,78.30212703
"Life expectancy at birth","2013-15","Antrim and Newtownabbey",81.98359521,78.63786576
"Life expectancy at birth","2013-15","Armagh City, Banbridge and Craigavon",82.38947056,78.86465703
"Life expectancy at birth","2013-15","Belfast",80.99135588,75.86922874
"Life expectancy at birth","2013-15","Causeway Coast and Glens",82.83328779,79.51431103
"Life expectancy at birth","2013-15","Derry City and Strabane",81.7747344,77.30072619
"Life expectancy at birth","2013-15","Fermanagh and Omagh",82.51636973,78.3660101
"Life expectancy at birth","2013-15","Lisburn and Castlereagh",83.31742131,79.89740886
"Life expectancy at birth","2013-15","Mid and East Antrim",82.67930106,78.54424961
"Life expectancy at birth","2013-15","Mid Ulster",83.26061264,79.3005159
"Life expectancy at birth","2013-15","Newry, Mourne and Down",82.39760091,78.72106127
"Life expectancy at birth","2013-15","Ards and North Down",82.75639728,79.50463055
"Life expectancy at birth","2013-15","NI",82.30768464,78.33907162
"Life expectancy at birth","2014-16","Antrim and Newtownabbey",81.93451187,79.06965381
"Life expectancy at birth","2014-16","Armagh City, Banbridge and Craigavon",82.50676261,79.22095736
"Life expectancy at birth","2014-16","Belfast",81.06643606,76.03592426
"Life expectancy at birth","2014-16","Causeway Coast and Glens",83.37539206,79.74859157
"Life expectancy at birth","2014-16","Derry City and Strabane",81.43256328,77.84295895
"Life expectancy at birth","2014-16","Fermanagh and Omagh",82.5275208,78.58471346
"Life expectancy at birth","2014-16","Lisburn and Castlereagh",83.21861356,80.01177941
"Life expectancy at birth","2014-16","Mid and East Antrim",82.76183983,78.75952679
"Life expectancy at birth","2014-16","Mid Ulster",82.67754838,79.35857082
"Life expectancy at birth","2014-16","Newry, Mourne and Down",82.5040701,78.86553062
"Life expectancy at birth","2014-16","Ards and North Down",82.88214159,79.74248673
"Life expectancy at birth","2014-16","NI",82.3212715,78.57052597
"Life expectancy at birth","2015-17","Antrim and Newtownabbey",82.01434978,79.23913677
"Life expectancy at birth","2015-17","Armagh City, Banbridge and Craigavon",82.73730314,79.0234892
"Life expectancy at birth","2015-17","Belfast",80.91497146,75.8453042
"Life expectancy at birth","2015-17","Causeway Coast and Glens",83.18754309,79.53796122
"Life expectancy at birth","2015-17","Derry City and Strabane",81.45161395,77.69202083
"Life expectancy at birth","2015-17","Fermanagh and Omagh",82.53267866,78.66650138
"Life expectancy at birth","2015-17","Lisburn and Castlereagh",83.3960177,79.84786541
"Life expectancy at birth","2015-17","Mid and East Antrim",82.67945797,78.67128128
"Life expectancy at birth","2015-17","Mid Ulster",82.68368358,79.41458674
"Life expectancy at birth","2015-17","Newry, Mourne and Down",82.70685987,78.93201039
"Life expectancy at birth","2015-17","Ards and North Down",82.71134993,79.5918534
"Life expectancy at birth","2015-17","NI",82.32533743,78.4895105
"Life expectancy at birth","2016-18","Antrim and Newtownabbey",82.08523449,79.57705522
"Life expectancy at birth","2016-18","Armagh City, Banbridge and Craigavon",82.95546659,79.1271305
"Life expectancy at birth","2016-18","Belfast",80.95337719,76.27450198
"Life expectancy at birth","2016-18","Causeway Coast and Glens",83.06570304,79.28547256
"Life expectancy at birth","2016-18","Derry City and Strabane",81.34206947,78.01589547
"Life expectancy at birth","2016-18","Fermanagh and Omagh",83.06213145,79.17291973
"Life expectancy at birth","2016-18","Lisburn and Castlereagh",83.26299613,80.22939655
"Life expectancy at birth","2016-18","Mid and East Antrim",82.52832862,78.96620993
"Life expectancy at birth","2016-18","Mid Ulster",82.73984758,79.33775996
"Life expectancy at birth","2016-18","Newry, Mourne and Down",83.20529911,78.96869199
"Life expectancy at birth","2016-18","Ards and North Down",82.64325708,79.842895
"Life expectancy at birth","2016-18","NI",82.40217462,78.72746945
"Life expectancy at birth","2017-19","Antrim and Newtownabbey",82.73088825,79.68386187
"Life expectancy at birth","2017-19","Armagh City, Banbridge and Craigavon",83.21259526,79.5398142
"Life expectancy at birth","2017-19","Belfast",80.8158149,76.07624305
"Life expectancy at birth","2017-19","Causeway Coast and Glens",82.81656144,79.42334434
"Life expectancy at birth","2017-19","Derry City and Strabane",81.49253771,77.75974485
"Life expectancy at birth","2017-19","Fermanagh and Omagh",83.25641526,79.34440849
"Life expectancy at birth","2017-19","Lisburn and Castlereagh",83.53630667,80.21520701
"Life expectancy at birth","2017-19","Mid and East Antrim",82.75343452,79.16815097
"Life expectancy at birth","2017-19","Mid Ulster",83.20611987,79.69630718
"Life expectancy at birth","2017-19","Newry, Mourne and Down",83.39367064,79.31803116
"Life expectancy at birth","2017-19","Ards and North Down",82.96288152,79.73576531
"Life expectancy at birth","2017-19","NI",82.58255023,78.81876205
"Life expectancy at birth","2018-20","Antrim and Newtownabbey",82.6279593,79.01365346
"Life expectancy at birth","2018-20","Armagh City, Banbridge and Craigavon",83.32974588,79.39594863
"Life expectancy at birth","2018-20","Belfast",80.36179322,75.78359385
"Life expectancy at birth","2018-20","Causeway Coast and Glens",82.56275619,79.6226624
"Life expectancy at birth","2018-20","Derry City and Strabane",81.66109069,77.99886968
"Life expectancy at birth","2018-20","Fermanagh and Omagh",83.29996052,79.18013128
"Life expectancy at birth","2018-20","Lisburn and Castlereagh",83.3277527,80.37438708
"Life expectancy at birth","2018-20","Mid and East Antrim",82.37592507,79.08043814
"Life expectancy at birth","2018-20","Mid Ulster",83.18447517,79.68665179
"Life expectancy at birth","2018-20","Newry, Mourne and Down",83.25334236,79.39964739
"Life expectancy at birth","2018-20","Ards and North Down",82.78221425,79.80379195
"Life expectancy at birth","2018-20","NI",82.42504084,78.73321325
"Life expectancy at birth","2019-21","Antrim and Newtownabbey",82.79414967,78.75701439
"Life expectancy at birth","2019-21","Armagh City, Banbridge and Craigavon",83.07775915,79.24613359
"Life expectancy at birth","2019-21","Belfast",80.36729244,75.57607522
"Life expectancy at birth","2019-21","Causeway Coast and Glens",82.39185085,79.39845988
"Life expectancy at birth","2019-21","Derry City and Strabane",81.2272561,77.31647833
"Life expectancy at birth","2019-21","Fermanagh and Omagh",82.70291659,78.95912741
"Life expectancy at birth","2019-21","Lisburn and Castlereagh",83.26603209,80.34952872
"Life expectancy at birth","2019-21","Mid and East Antrim",82.35480696,78.57047598
"Life expectancy at birth","2019-21","Mid Ulster",83.12697738,79.28735451
"Life expectancy at birth","2019-21","Newry, Mourne and Down",82.82627366,78.97876434
"Life expectancy at birth","2019-21","Ards and North Down",82.82725059,79.91489784
"Life expectancy at birth","2019-21","NI",82.28975106,78.47659762
"Life expectancy at birth","2020-22","Antrim and Newtownabbey",82.52213538,78.71996597
"Life expectancy at birth","2020-22","Armagh City, Banbridge and Craigavon",82.82123351,78.76594474
"Life expectancy at birth","2020-22","Belfast",80.37451244,75.8002277
"Life expectancy at birth","2020-22","Causeway Coast and Glens",82.64903302,79.13313933
"Life expectancy at birth","2020-22","Derry City and Strabane",81.51538255,77.51583705
"Life expectancy at birth","2020-22","Fermanagh and Omagh",82.78360073,79.03329495
"Life expectancy at birth","2020-22","Lisburn and Castlereagh",83.07605121,80.43495636
"Life expectancy at birth","2020-22","Mid and East Antrim",82.45968959,78.32988707
"Life expectancy at birth","2020-22","Mid Ulster",83.07095906,78.88386303
"Life expectancy at birth","2020-22","Newry, Mourne and Down",82.57344379,78.90039856
"Life expectancy at birth","2020-22","Ards and North Down",82.87186519,80.01126904
"Life expectancy at birth","2020-22","NI",82.25585391,78.42567211
"Life expectancy at birth","2021-23","Antrim and Newtownabbey",82.73763348,79.22332728
"Life expectancy at birth","2021-23","Armagh City, Banbridge and Craigavon",82.97563954,79.15633298
"Life expectancy at birth","2021-23","Belfast",80.55421369,76.53531694
"Life expectancy at birth","2021-23","Causeway Coast and Glens",82.77076684,79.12761739
"Life expectancy at birth","2021-23","Derry City and Strabane",81.26961724,77.4217436
"Life expectancy at birth","2021-23","Fermanagh and Omagh",83.05610078,79.63541932
"Life expectancy at birth","2021-23","Lisburn and Castlereagh",83.33425648,80.8767463
"Life expectancy at birth","2021-23","Mid and East Antrim",82.87621176,78.49133741
"Life expectancy at birth","2021-23","Mid Ulster",83.35939482,79.33911267
"Life expectancy at birth","2021-23","Newry, Mourne and Down",82.94320187,79.04676321
"Life expectancy at birth","2021-23","Ards and North Down",83.41322551,79.90658188
"Life expectancy at birth","2021-23","NI",82.48516367,78.7637448
"Life expectancy at birth","2022-24","Antrim and Newtownabbey",82.5377628,79.26546001
"Life expectancy at birth","2022-24","Armagh City, Banbridge and Craigavon",83.16183689,79.03917464
"Life expectancy at birth","2022-24","Belfast",80.54002974,76.46865183
"Life expectancy at birth","2022-24","Causeway Coast and Glens",83.18229534,79.09707586
"Life expectancy at birth","2022-24","Derry City and Strabane",81.23540342,77.62791556
"Life expectancy at birth","2022-24","Fermanagh and Omagh",83.76338881,79.78439272
"Life expectancy at birth","2022-24","Lisburn and Castlereagh",83.75850838,80.53524501
"Life expectancy at birth","2022-24","Mid and East Antrim",83.06130344,78.81312169
"Life expectancy at birth","2022-24","Mid Ulster",83.41122349,79.46283245
"Life expectancy at birth","2022-24","Newry, Mourne and Down",83.16346455,79.41382228
"Life expectancy at birth","2022-24","Ards and North Down",83.47206984,79.92257066
"Life expectancy at birth","2022-24","NI",82.62912686,78.80349414
