"Statistic","Financial year","Age - 16-24","Age - 25-34","Age - 35-49","Age - 50-64","Age - 65-74","Age - 75+","Sex - Female","Sex - Male","Marital status - Single","Marital status - Married/Civil partnership","Marital status - Separated","Marital status - Divorced","Marital status - Widowed","Disability - Disabled","Disability - Not Disabled","Religion - Catholic","Religion - Protestant and other Christian","Religion - Other/no religion","Sexual orientation- Straight or heterosexual","Sexual orientation - Gay/lesbian, bisexual or other","Dependants - Has dependants","Dependants - Does not have dependants","Ethnic group - White","Ethnic group - Other","Northern Ireland"
"Average life satisfaction score for people aged 16 and over","2014/15",8.2,7.9,7.7,7.9,7.9,7.9,7.8,7.7,7.7,8,6.6,7.1,7.2,6.8,8.1,7.8,7.8,7.5,NA,NA,7.7,7.8,NA,NA,7.8
"Average life satisfaction score for people aged 16 and over","2015/16",8.1,7.9,7.6,7.5,8,7.7,7.8,7.7,7.6,8.1,6.7,6.9,7.4,6.8,8.1,7.8,7.8,7.4,NA,NA,7.9,7.7,NA,NA,7.8
"Average life satisfaction score for people aged 16 and over","2016/17",7.8,8,7.7,7.6,8,7.8,7.8,7.8,7.5,8.1,7.2,7.3,7.5,6.9,8.1,7.8,7.9,7.6,NA,NA,7.9,7.7,NA,NA,7.8
"Average life satisfaction score for people aged 16 and over","2017/18",8.2,8,7.7,7.7,8.1,8.1,7.9,7.9,7.8,8.2,7,7.2,7.4,7,8.2,7.9,8,7.7,NA,NA,7.9,7.9,NA,NA,7.9
"Average life satisfaction score for people aged 16 and over","2018/19",8,8,7.8,7.5,8,7.8,7.8,7.8,7.7,8.1,7.2,7,7.2,6.8,8.2,7.8,7.9,7.6,7.8,7.3,7.9,7.7,7.8,7.7,7.8
"Average life satisfaction score for people aged 16 and over","2019/20",7.8,7.9,7.9,7.7,7.6,8,7.8,7.8,7.6,8.1,7,7,7.6,6.9,8.1,7.8,7.9,7.5,7.8,7.5,7.8,7.8,7.8,7.6,7.8
"Average life satisfaction score for people aged 16 and over","2020/21",7.7,7.7,7.6,7.5,7.8,7.9,7.6,7.7,7.4,7.9,NA,6.9,7.5,NA,NA,7.6,7.8,7.3,NA,NA,7.7,7.6,NA,NA,7.6
"Average life satisfaction score for people aged 16 and over","2021/22",8,7.8,7.7,7.5,7.8,7.9,7.7,7.8,7.6,8,7.1,7.2,7.4,7,8,7.7,7.9,7.6,NA,NA,7.8,7.7,NA,NA,7.7
"Average life satisfaction score for people aged 16 and over","2022/23",7.7,7.7,7.5,7.5,7.7,7.7,7.6,7.6,7.4,7.9,6.7,7.1,7.4,6.7,8,7.6,7.7,7.5,NA,NA,7.6,7.6,7.6,7.3,7.6
"Average life satisfaction score for people aged 16 and over","2023/24",7.9,7.9,7.7,7.6,7.9,7.9,7.8,7.7,7.5,8.1,7.1,7.3,7.5,6.9,8.1,7.8,7.9,7.5,7.8,7.7,7.9,7.7,7.8,7.8,7.8
"Average life satisfaction score for people aged 16 and over","2024/25",7.6,7.8,7.7,7.6,8,7.8,7.7,7.7,7.4,8.1,6.9,7.2,7.4,6.9,8.1,7.7,7.9,7.4,7.7,7.4,7.8,7.7,7.7,7.9,7.7
"95% confidence interval - lower","2014/15",8,7.7,7.5,7.7,7.7,7.7,7.7,7.6,7.5,8,6.2,6.8,6.9,6.7,8,7.6,7.7,7.3,NA,NA,7.6,7.6,NA,NA,7.7
"95% confidence interval - lower","2015/16",7.9,7.8,7.4,7.4,7.8,7.5,7.7,7.6,7.5,8,6.3,6.5,7.1,6.7,8.1,7.7,7.7,7.3,NA,NA,7.8,7.5,NA,NA,7.7
"95% confidence interval - lower","2016/17",7.6,7.9,7.6,7.5,7.8,7.5,7.7,7.7,7.4,8,6.8,7,7.3,6.8,8.1,7.7,7.7,7.4,NA,NA,7.8,7.6,NA,NA,7.7
"95% confidence interval - lower","2017/18",8,7.9,7.6,7.6,7.9,7.9,7.8,7.8,7.7,8.2,6.7,7,7.2,6.9,8.2,7.8,7.9,7.6,NA,NA,7.8,7.8,NA,NA,7.8
"95% confidence interval - lower","2018/19",7.9,7.9,7.7,7.4,7.9,7.6,7.7,7.7,7.6,8.1,6.9,6.8,7,6.7,8.2,7.7,7.9,7.4,7.8,6.9,7.9,7.7,7.8,7.4,7.8
"95% confidence interval - lower","2019/20",7.7,7.7,7.6,7.5,7.9,8,7.7,7.7,7.5,8,6.8,6.8,7.4,6.8,8.1,7.7,7.8,7.3,7.7,7.2,7.7,7.7,7.8,7.2,7.7
"95% confidence interval - lower","2020/21",7.4,7.5,7.4,7.3,7.6,7.6,7.5,7.6,7.2,7.8,NA,6.6,7.1,NA,NA,7.4,7.7,7.1,NA,NA,7.6,7.5,NA,NA,7.6
"95% confidence interval - lower","2021/22",7.8,7.6,7.6,7.4,7.7,7.8,7.6,7.7,7.5,7.9,6.8,7,7.2,6.9,7.9,7.6,7.8,7.5,NA,NA,7.7,7.6,NA,NA,7.6
"95% confidence interval - lower","2022/23",7.5,7.6,7.4,7.4,7.6,7.6,7.5,7.5,7.3,7.8,6.4,6.9,7.2,6.6,8,7.5,7.6,7.4,NA,NA,7.5,7.5,7.5,7,7.6
"95% confidence interval - lower","2023/24",7.7,7.8,7.6,7.5,7.8,7.8,7.7,7.7,7.4,8,6.8,7.1,7.3,6.8,8.1,7.7,7.8,7.4,7.7,7.5,7.8,7.6,7.7,7.4,7.7
"95% confidence interval - lower","2024/25",7.4,7.6,7.6,7.5,7.9,7.7,7.6,7.7,7.3,8,6.6,6.9,7.2,6.8,8,7.6,7.8,7.3,7.7,7.1,7.7,7.6,7.7,7.6,7.7
"95% confidence interval - upper","2014/15",8.4,8,7.8,8.1,8,8.1,7.9,7.8,7.8,8.1,7,7.4,7.5,7,8.2,7.8,7.9,7.7,NA,NA,7.8,7.8,NA,NA,7.8
"95% confidence interval - upper","2015/16",8.3,8.1,7.7,7.7,8.2,7.9,7.9,7.9,7.7,8.2,7.1,7.3,7.6,7,8.2,7.9,7.9,7.7,NA,NA,8,7.7,NA,NA,7.8
"95% confidence interval - upper","2016/17",8.1,8.2,7.8,7.7,8.1,8,7.9,7.8,7.7,8.2,7.6,7.6,7.8,7.1,8.2,7.9,7.9,7.8,NA,NA,8,7.8,NA,NA,7.9
"95% confidence interval - upper","2017/18",8.3,8.1,7.8,7.8,8.2,8.2,8,8,7.8,8.3,7.3,7.4,7.6,7.1,8.2,8,8.1,7.8,NA,NA,8,8,NA,NA,7.9
"95% confidence interval - upper","2018/19",8.2,8.1,7.9,7.6,8.1,7.9,7.8,7.9,7.8,8.2,7.5,7.2,7.4,6.9,8.2,7.9,8,7.7,7.8,7.7,8,7.8,7.8,8,7.9
"95% confidence interval - upper","2019/20",8,8,7.8,7.7,8.1,8.3,7.9,7.9,7.7,8.2,7.3,7.3,7.8,7,8.2,7.9,8,7.6,7.8,7.8,7.9,7.8,7.8,8,7.8
"95% confidence interval - upper","2020/21",8,7.9,7.7,7.6,8,8.1,7.7,7.8,7.5,8,NA,7.3,7.8,NA,NA,7.7,7.9,7.5,NA,NA,7.8,7.7,NA,NA,7.7
"95% confidence interval - upper","2021/22",8.2,8,7.8,7.6,7.9,8,7.8,7.9,7.7,8.1,7.4,7.4,7.6,7.1,8.1,7.8,8,7.7,NA,NA,7.9,7.8,NA,NA,7.8
"95% confidence interval - upper","2022/23",7.9,7.8,7.6,7.6,7.8,7.9,7.7,7.7,7.5,8,7,7.3,7.6,6.8,8,7.7,7.8,7.6,NA,NA,7.7,7.7,7.7,7.6,7.6
"95% confidence interval - upper","2023/24",8.1,8,7.8,7.7,8,8.1,7.9,7.8,7.6,8.1,7.4,7.6,7.7,7,8.2,7.8,8,7.6,7.8,7.9,7.9,7.8,7.8,8.1,7.8
"95% confidence interval - upper","2024/25",7.8,7.9,7.8,7.7,8.2,8,7.8,7.8,7.5,8.1,7.2,7.4,7.6,7,8.1,7.8,7.9,7.5,7.8,7.7,7.9,7.7,7.8,8.1,7.8
