"Statistic","Year","Northern Ireland","Antrim and Newtownabbey","Armagh City, Banbridge and Craigavon","Belfast","Causeway Coast and Glens","Derry City and Strabane","Fermanagh and Omagh","Lisburn and Castlereagh","Mid and East Antrim","Mid Ulster","Newry, Mourne and Down","Ards and North Down"
"Employment number (aged 16 and over)",2006,765000,NA,NA,NA,NA,NA,NA,NA,NA,NA,NA,NA
"Employment number (aged 16 and over)",2007,793000,NA,NA,NA,NA,NA,NA,NA,NA,NA,NA,NA
"Employment number (aged 16 and over)",2008,794000,NA,NA,NA,NA,NA,NA,NA,NA,NA,NA,NA
"Employment number (aged 16 and over)",2009,767000,64000,86000,125000,57000,56000,47000,60000,65000,61000,71000,73000
"Employment number (aged 16 and over)",2010,777000,61000,95000,141000,60000,55000,48000,61000,59000,61000,69000,68000
"Employment number (aged 16 and over)",2011,797000,63000,91000,132000,65000,58000,48000,68000,64000,64000,75000,70000
"Employment number (aged 16 and over)",2012,795000,70000,83000,133000,60000,56000,53000,68000,66000,60000,77000,70000
"Employment number (aged 16 and over)",2013,801000,67000,88000,152000,54000,56000,47000,66000,64000,64000,79000,63000
"Employment number (aged 16 and over)",2014,808000,61000,92000,147000,60000,59000,49000,65000,59000,68000,79000,67000
"Employment number (aged 16 and over)",2015,823000,62000,96000,148000,56000,61000,56000,64000,64000,67000,77000,72000
"Employment number (aged 16 and over)",2016,835000,67000,98000,152000,50000,54000,51000,75000,67000,66000,83000,73000
"Employment number (aged 16 and over)",2017,833000,70000,98000,144000,53000,54000,52000,71000,65000,68000,78000,79000
"Employment number (aged 16 and over)",2018,848000,73000,104000,145000,57000,60000,55000,68000,63000,71000,76000,76000
"Employment number (aged 16 and over)",2019,871000,74000,101000,153000,57000,66000,51000,76000,64000,73000,84000,74000
"Employment number (aged 16 and over)",2020,845000,67000,97000,149000,58000,58000,51000,72000,61000,74000,87000,70000
"Employment number (aged 16 and over)",2021,849000,68000,97000,147000,61000,62000,53000,76000,62000,70000,82000,72000
"Employment number (aged 16 and over)",2022,879000,73000,106000,150000,56000,61000,53000,76000,71000,70000,86000,77000
"Employment number (aged 16 and over)",2023,901000,74000,113000,155000,57000,62000,53000,76000,72000,72000,90000,77000
"Employment number (aged 16 and over)",2024,918000,72000,121000,155000,60000,58000,58000,82000,70000,73000,92000,77000
"Employment rate (aged 16 to 64)",2006,67,NA,NA,NA,NA,NA,NA,NA,NA,NA,NA,NA
"Employment rate (aged 16 to 64)",2007,68.6,NA,NA,NA,NA,NA,NA,NA,NA,NA,NA,NA
"Employment rate (aged 16 to 64)",2008,68,NA,NA,NA,NA,NA,NA,NA,NA,NA,NA,NA
"Employment rate (aged 16 to 64)",2009,65.1,71.9,67.2,58.3,61.6,57.4,64.8,69.3,72.2,68.9,64.6,69.8
"Employment rate (aged 16 to 64)",2010,65.8,70.6,70.2,65.3,64.5,55,62.6,72,66.8,63.6,66.5,66.4
"Employment rate (aged 16 to 64)",2011,67,75.4,70.9,61.9,65.6,60.2,63.3,76.5,69.1,65.2,66.5,69.5
"Employment rate (aged 16 to 64)",2012,67,74.3,68.2,60.8,62.1,61.2,67.2,73.8,75,68.8,66,68.8
"Employment rate (aged 16 to 64)",2013,67.1,72.1,68.4,67.4,59.6,55.8,64,71.2,69.4,70.6,69,69.8
"Employment rate (aged 16 to 64)",2014,67.7,71.5,71,64.4,66,56.6,64.3,70.4,68.7,69.4,72.1,73.8
"Employment rate (aged 16 to 64)",2015,68.4,70.8,69.4,66.5,62.4,59.6,73.8,72.2,73.9,68.7,66.2,74.3
"Employment rate (aged 16 to 64)",2016,69.4,74.6,70.8,69.1,56.8,54.8,66.1,75.5,73.8,73,72.6,74.1
"Employment rate (aged 16 to 64)",2017,69.1,76,73.3,65.2,61.1,56.9,67.6,76,70.6,74.8,65.6,76
"Employment rate (aged 16 to 64)",2018,70,77.7,73.9,64.7,66.8,61.6,68.8,76.8,71.2,74.2,67.1,72.9
"Employment rate (aged 16 to 64)",2019,71.9,77.3,72.3,67.6,67.6,68,65,81.1,74.2,75.3,73.6,73.1
"Employment rate (aged 16 to 64)",2020,69.8,73.1,71.3,65.6,66.3,60.8,66.7,78.6,71.7,73.8,73.7,70.8
"Employment rate (aged 16 to 64)",2021,70.2,74.3,70.9,66.9,68.8,65.4,72.1,75.2,71.7,70.3,68.5,73.2
"Employment rate (aged 16 to 64)",2022,71.9,74.8,75.2,65.5,67.6,67.6,73.3,75,76.9,73.8,74.9,72.8
"Employment rate (aged 16 to 64)",2023,73.6,78.5,76.6,67.9,68.3,65.4,70.6,77.8,79.5,74.9,78.8,75.5
"Employment rate (aged 16 to 64)",2024,74.3,75.1,79.3,70.5,68,64,75,80.2,74.4,77.5,78.2,75.6
"Unemployment number (aged 16 and over)",2006,39000,NA,NA,NA,NA,NA,NA,NA,NA,NA,NA,NA
"Unemployment number (aged 16 and over)",2007,34000,NA,NA,NA,NA,NA,NA,NA,NA,NA,NA,NA
"Unemployment number (aged 16 and over)",2008,32000,NA,NA,NA,NA,NA,NA,NA,NA,NA,NA,NA
"Unemployment number (aged 16 and over)",2009,55000,NA,NA,NA,NA,NA,NA,NA,NA,NA,NA,NA
"Unemployment number (aged 16 and over)",2010,59000,NA,NA,NA,NA,NA,NA,NA,NA,NA,NA,NA
"Unemployment number (aged 16 and over)",2011,62000,NA,NA,NA,NA,NA,NA,NA,NA,NA,NA,NA
"Unemployment number (aged 16 and over)",2012,63000,NA,NA,NA,NA,NA,NA,NA,NA,NA,NA,NA
"Unemployment number (aged 16 and over)",2013,63000,NA,NA,NA,NA,NA,NA,NA,NA,NA,NA,NA
"Unemployment number (aged 16 and over)",2014,55000,NA,NA,NA,NA,NA,NA,NA,NA,NA,NA,NA
"Unemployment number (aged 16 and over)",2015,52000,NA,NA,NA,NA,NA,NA,NA,NA,NA,NA,NA
"Unemployment number (aged 16 and over)",2016,54000,NA,NA,NA,NA,NA,NA,NA,NA,NA,NA,NA
"Unemployment number (aged 16 and over)",2017,38000,NA,NA,NA,NA,NA,NA,NA,NA,NA,NA,NA
"Unemployment number (aged 16 and over)",2018,33000,NA,NA,NA,NA,NA,NA,NA,NA,NA,NA,NA
"Unemployment number (aged 16 and over)",2019,23000,2000,3000,4000,2000,2000,1000,1000,2000,2000,2000,2000
"Unemployment number (aged 16 and over)",2020,26000,2000,3000,7000,1000,2000,1000,1000,1000,2000,3000,2000
"Unemployment number (aged 16 and over)",2021,33000,1000,4000,7000,1000,3000,2000,3000,3000,2000,3000,3000
"Unemployment number (aged 16 and over)",2022,20000,2000,3000,5000,2000,2000,1000,2000,1000,1000,1000,2000
"Unemployment number (aged 16 and over)",2023,20000,2000,4000,4000,1000,2000,3000,NA,1000,2000,2000,1000
"Unemployment number (aged 16 and over)",2024,17000,1000,2000,3000,1000,1000,1000,NA,2000,3000,2000,NA
"Unemployment rate (aged 16 and over)",2006,4.8,NA,NA,NA,NA,NA,NA,NA,NA,NA,NA,NA
"Unemployment rate (aged 16 and over)",2007,4.1,NA,NA,NA,NA,NA,NA,NA,NA,NA,NA,NA
"Unemployment rate (aged 16 and over)",2008,3.9,NA,NA,NA,NA,NA,NA,NA,NA,NA,NA,NA
"Unemployment rate (aged 16 and over)",2009,6.6,NA,NA,NA,NA,NA,NA,NA,NA,NA,NA,NA
"Unemployment rate (aged 16 and over)",2010,7,NA,NA,NA,NA,NA,NA,NA,NA,NA,NA,NA
"Unemployment rate (aged 16 and over)",2011,7.2,NA,NA,NA,NA,NA,NA,NA,NA,NA,NA,NA
"Unemployment rate (aged 16 and over)",2012,7.3,NA,NA,NA,NA,NA,NA,NA,NA,NA,NA,NA
"Unemployment rate (aged 16 and over)",2013,7.3,NA,NA,NA,NA,NA,NA,NA,NA,NA,NA,NA
"Unemployment rate (aged 16 and over)",2014,6.4,NA,NA,NA,NA,NA,NA,NA,NA,NA,NA,NA
"Unemployment rate (aged 16 and over)",2015,6,NA,NA,NA,NA,NA,NA,NA,NA,NA,NA,NA
"Unemployment rate (aged 16 and over)",2016,6.1,NA,NA,NA,NA,NA,NA,NA,NA,NA,NA,NA
"Unemployment rate (aged 16 and over)",2017,4.4,NA,NA,NA,NA,NA,NA,NA,NA,NA,NA,NA
"Unemployment rate (aged 16 and over)",2018,3.7,NA,NA,NA,NA,NA,NA,NA,NA,NA,NA,NA
"Unemployment rate (aged 16 and over)",2019,2.6,2.6,2.5,2.7,3.5,2.5,2.7,1.7,2.5,2.8,2.6,2.4
"Unemployment rate (aged 16 and over)",2020,2.9,2.8,2.6,4.4,2.4,2.6,2.5,1.6,2.1,3.1,3.2,2.6
"Unemployment rate (aged 16 and over)",2021,3.7,2.2,4.2,4.7,1.8,3.9,3.5,3.9,4.1,3.2,4,4
"Unemployment rate (aged 16 and over)",2022,2.2,2.1,2.7,3.3,3.1,2.5,1.9,2.1,1.3,1.3,0.7,2.6
"Unemployment rate (aged 16 and over)",2023,2.2,2.5,3.4,2.3,1.5,2.7,4.6,0.6,1.4,2.2,2.2,1
"Unemployment rate (aged 16 and over)",2024,1.8,1.1,1.7,2.2,1.2,1.1,1.7,NA,2.4,4.1,2.6,NA
"Economic inactivity number (aged 16 and over)",2006,541000,NA,NA,NA,NA,NA,NA,NA,NA,NA,NA,NA
"Economic inactivity number (aged 16 and over)",2007,538000,NA,NA,NA,NA,NA,NA,NA,NA,NA,NA,NA
"Economic inactivity number (aged 16 and over)",2008,554000,NA,NA,NA,NA,NA,NA,NA,NA,NA,NA,NA
"Economic inactivity number (aged 16 and over)",2009,572000,38000,54000,121000,51000,51000,35000,43000,41000,39000,52000,47000
"Economic inactivity number (aged 16 and over)",2010,569000,44000,50000,106000,46000,49000,32000,42000,48000,44000,56000,53000
"Economic inactivity number (aged 16 and over)",2011,555000,41000,55000,110000,40000,46000,34000,40000,41000,42000,53000,52000
"Economic inactivity number (aged 16 and over)",2012,562000,36000,65000,112000,47000,45000,34000,39000,41000,41000,53000,49000
"Economic inactivity number (aged 16 and over)",2013,561000,39000,61000,107000,47000,46000,37000,37000,38000,42000,52000,55000
"Economic inactivity number (aged 16 and over)",2014,571000,42000,62000,106000,48000,52000,36000,43000,46000,37000,46000,53000
"Economic inactivity number (aged 16 and over)",2015,569000,39000,66000,116000,50000,48000,31000,40000,41000,37000,52000,47000
"Economic inactivity number (aged 16 and over)",2016,563000,39000,64000,105000,48000,55000,36000,40000,39000,42000,47000,49000
"Economic inactivity number (aged 16 and over)",2017,586000,40000,61000,110000,53000,52000,35000,40000,47000,35000,62000,51000
"Economic inactivity number (aged 16 and over)",2018,583000,40000,60000,113000,52000,50000,35000,39000,44000,40000,59000,51000
"Economic inactivity number (aged 16 and over)",2019,575000,37000,66000,111000,49000,50000,44000,36000,44000,37000,52000,49000
"Economic inactivity number (aged 16 and over)",2020,603000,45000,66000,109000,48000,60000,39000,43000,48000,39000,47000,59000
"Economic inactivity number (aged 16 and over)",2021,597000,43000,66000,103000,50000,54000,36000,41000,45000,41000,62000,56000
"Economic inactivity number (aged 16 and over)",2022,585000,42000,59000,113000,52000,52000,41000,40000,41000,41000,53000,51000
"Economic inactivity number (aged 16 and over)",2023,567000,40000,60000,110000,51000,52000,40000,37000,37000,38000,45000,56000
"Economic inactivity number (aged 16 and over)",2024,560000,42000,56000,101000,55000,55000,36000,40000,38000,39000,47000,52000
"Economic inactivity rate (aged 16 to 64)",2006,29.6,NA,NA,NA,NA,NA,NA,NA,NA,NA,NA,NA
"Economic inactivity rate (aged 16 to 64)",2007,28.5,NA,NA,NA,NA,NA,NA,NA,NA,NA,NA,NA
"Economic inactivity rate (aged 16 to 64)",2008,29.2,NA,NA,NA,NA,NA,NA,NA,NA,NA,NA,NA
"Economic inactivity rate (aged 16 to 64)",2009,30.1,25,26.7,35.7,32.1,36.2,32.6,28.5,23.9,27.7,30.1,26.5
"Economic inactivity rate (aged 16 to 64)",2010,29.1,26.1,22.7,29.8,28.6,33.4,33.3,24.6,31.3,32.5,30.1,29.6
"Economic inactivity rate (aged 16 to 64)",2011,27.6,20,24.6,31.7,28.9,31.5,30.6,19.4,27,29.6,28.9,25.9
"Economic inactivity rate (aged 16 to 64)",2012,27.6,21.5,27.5,30.8,31.7,29.3,27.1,21.9,21.7,28.7,30.9,27
"Economic inactivity rate (aged 16 to 64)",2013,27.5,24,26.5,28.4,34.6,31.9,30.1,24.3,25.9,25.1,25.5,25.4
"Economic inactivity rate (aged 16 to 64)",2014,27.6,26.1,25.4,31,27.1,33.5,31.1,24.9,26.6,24.9,24.8,23.8
"Economic inactivity rate (aged 16 to 64)",2015,27.1,24.7,26.3,30.1,30,32.9,22.8,23.5,22.6,27,29.5,22.4
"Economic inactivity rate (aged 16 to 64)",2016,26,19.5,25.4,26.1,34,37.6,29.7,20.2,23.9,23.9,24.3,22.5
"Economic inactivity rate (aged 16 to 64)",2017,27.6,19.5,24.9,30.6,33.8,36.9,30.1,22.3,26.2,23.2,31.5,22
"Economic inactivity rate (aged 16 to 64)",2018,27.2,19.9,22.9,32.7,29.3,34.1,27,21.1,25.5,23.5,31,25.5
"Economic inactivity rate (aged 16 to 64)",2019,26.2,20.6,25.7,30.5,29.9,30.4,33.1,17.4,23.9,22.4,24.4,25.3
"Economic inactivity rate (aged 16 to 64)",2020,28,24.7,26.7,31.3,32,37.6,31.4,20,26.7,23.8,23.8,27.3
"Economic inactivity rate (aged 16 to 64)",2021,27,24,25.9,29.7,30,32,25.1,21.6,25.1,27.3,29,23.6
"Economic inactivity rate (aged 16 to 64)",2022,26.3,23.6,22.6,32.1,30.1,30.6,25.2,23.4,22.1,25.1,24.6,25.2
"Economic inactivity rate (aged 16 to 64)",2023,24.7,19.8,20.9,30.5,30.6,32.7,26,21.7,19.3,23.3,19.5,23.6
"Economic inactivity rate (aged 16 to 64)",2024,24.3,24.2,19.2,27.9,31.1,35.2,23.6,19.7,23.7,19.5,19.5,23.9
