"Statistic","Year","Five year age bands","Females","Males","All persons"
"Mid-year population estimate",1971,"Age 0-4",77441,80337,157778
"Mid-year population estimate",1971,"Age 5-9",77927,81771,159698
"Mid-year population estimate",1971,"Age 10-14",68901,70236,139137
"Mid-year population estimate",1971,"Age 15-19",60777,65023,125800
"Mid-year population estimate",1971,"Age 20-24",58611,62310,120921
"Mid-year population estimate",1971,"Age 25-29",51025,50475,101500
"Mid-year population estimate",1971,"Age 30-34",43476,44292,87768
"Mid-year population estimate",1971,"Age 35-39",41463,40474,81937
"Mid-year population estimate",1971,"Age 40-44",42094,40565,82659
"Mid-year population estimate",1971,"Age 45-49",43514,40582,84096
"Mid-year population estimate",1971,"Age 50-54",41914,38922,80836
"Mid-year population estimate",1971,"Age 55-59",40978,36729,77707
"Mid-year population estimate",1971,"Age 60-64",38853,35645,74498
"Mid-year population estimate",1971,"Age 65-69",33547,25732,59279
"Mid-year population estimate",1971,"Age 70-74",27516,19456,46972
"Mid-year population estimate",1971,"Age 75-79",19892,12438,32330
"Mid-year population estimate",1971,"Age 80-84",11701,6779,18480
"Mid-year population estimate",1971,"Age 85-89",4591,2162,6753
"Mid-year population estimate",1971,"Age 90+",1579,685,2264
"Mid-year population estimate",1971,"All",785800,754613,1540413
"Mid-year population estimate",1972,"Age 0-4",75459,79106,154565
"Mid-year population estimate",1972,"Age 5-9",77795,82132,159927
"Mid-year population estimate",1972,"Age 10-14",70240,71564,141804
"Mid-year population estimate",1972,"Age 15-19",60304,63344,123648
"Mid-year population estimate",1972,"Age 20-24",56017,62426,118443
"Mid-year population estimate",1972,"Age 25-29",51483,53065,104548
"Mid-year population estimate",1972,"Age 30-34",43420,44993,88413
"Mid-year population estimate",1972,"Age 35-39",41456,41476,82932
"Mid-year population estimate",1972,"Age 40-44",41469,40158,81627
"Mid-year population estimate",1972,"Age 45-49",42628,40192,82820
"Mid-year population estimate",1972,"Age 50-54",42528,39624,82152
"Mid-year population estimate",1972,"Age 55-59",39788,35698,75486
"Mid-year population estimate",1972,"Age 60-64",39049,36172,75221
"Mid-year population estimate",1972,"Age 65-69",33967,26233,60200
"Mid-year population estimate",1972,"Age 70-74",27502,19431,46933
"Mid-year population estimate",1972,"Age 75-79",20204,12378,32582
"Mid-year population estimate",1972,"Age 80-84",11787,6744,18531
"Mid-year population estimate",1972,"Age 85-89",4804,2117,6921
"Mid-year population estimate",1972,"Age 90+",1568,656,2224
"Mid-year population estimate",1972,"All",781468,757509,1538977
"Mid-year population estimate",1973,"Age 0-4",72773,77124,149897
"Mid-year population estimate",1973,"Age 5-9",77061,81361,158422
"Mid-year population estimate",1973,"Age 10-14",71404,73361,144765
"Mid-year population estimate",1973,"Age 15-19",59998,61722,121720
"Mid-year population estimate",1973,"Age 20-24",53172,61650,114822
"Mid-year population estimate",1973,"Age 25-29",50535,53908,104443
"Mid-year population estimate",1973,"Age 30-34",44196,46163,90359
"Mid-year population estimate",1973,"Age 35-39",41022,42099,83121
"Mid-year population estimate",1973,"Age 40-44",41089,39865,80954
"Mid-year population estimate",1973,"Age 45-49",41627,39553,81180
"Mid-year population estimate",1973,"Age 50-54",42795,40094,82889
"Mid-year population estimate",1973,"Age 55-59",38234,34403,72637
"Mid-year population estimate",1973,"Age 60-64",39298,36083,75381
"Mid-year population estimate",1973,"Age 65-69",34226,26708,60934
"Mid-year population estimate",1973,"Age 70-74",27793,19492,47285
"Mid-year population estimate",1973,"Age 75-79",20193,12530,32723
"Mid-year population estimate",1973,"Age 80-84",12092,6860,18952
"Mid-year population estimate",1973,"Age 85-89",5135,2128,7263
"Mid-year population estimate",1973,"Age 90+",1605,641,2246
"Mid-year population estimate",1973,"All",774248,755745,1529993
"Mid-year population estimate",1974,"Age 0-4",70523,75470,145993
"Mid-year population estimate",1974,"Age 5-9",75925,80134,156059
"Mid-year population estimate",1974,"Age 10-14",73456,75944,149400
"Mid-year population estimate",1974,"Age 15-19",60945,61683,122628
"Mid-year population estimate",1974,"Age 20-24",51629,61022,112651
"Mid-year population estimate",1974,"Age 25-29",49983,54155,104138
"Mid-year population estimate",1974,"Age 30-34",44994,46861,91855
"Mid-year population estimate",1974,"Age 35-39",41300,42704,84004
"Mid-year population estimate",1974,"Age 40-44",40674,39462,80136
"Mid-year population estimate",1974,"Age 45-49",40941,39274,80215
"Mid-year population estimate",1974,"Age 50-54",42634,39779,82413
"Mid-year population estimate",1974,"Age 55-59",37690,33982,71672
"Mid-year population estimate",1974,"Age 60-64",39230,35664,74894
"Mid-year population estimate",1974,"Age 65-69",34624,27127,61751
"Mid-year population estimate",1974,"Age 70-74",28025,19483,47508
"Mid-year population estimate",1974,"Age 75-79",20149,12663,32812
"Mid-year population estimate",1974,"Age 80-84",12052,6700,18752
"Mid-year population estimate",1974,"Age 85-89",5645,2358,8003
"Mid-year population estimate",1974,"Age 90+",1530,528,2058
"Mid-year population estimate",1974,"All",771949,754993,1526942
"Mid-year population estimate",1975,"Age 0-4",68045,73391,141436
"Mid-year population estimate",1975,"Age 5-9",74339,78329,152668
"Mid-year population estimate",1975,"Age 10-14",75140,78289,153429
"Mid-year population estimate",1975,"Age 15-19",62801,63575,126376
"Mid-year population estimate",1975,"Age 20-24",50701,59683,110384
"Mid-year population estimate",1975,"Age 25-29",49559,53945,103504
"Mid-year population estimate",1975,"Age 30-34",45725,47194,92919
"Mid-year population estimate",1975,"Age 35-39",41386,43023,84409
"Mid-year population estimate",1975,"Age 40-44",40197,38979,79176
"Mid-year population estimate",1975,"Age 45-49",40743,39051,79794
"Mid-year population estimate",1975,"Age 50-54",41535,38695,80230
"Mid-year population estimate",1975,"Age 55-59",37816,34362,72178
"Mid-year population estimate",1975,"Age 60-64",39080,35633,74713
"Mid-year population estimate",1975,"Age 65-69",34912,27573,62485
"Mid-year population estimate",1975,"Age 70-74",28318,19432,47750
"Mid-year population estimate",1975,"Age 75-79",20302,12664,32966
"Mid-year population estimate",1975,"Age 80-84",12309,6673,18982
"Mid-year population estimate",1975,"Age 85-89",5697,2392,8089
"Mid-year population estimate",1975,"Age 90+",1562,468,2030
"Mid-year population estimate",1975,"All",770167,753351,1523518
"Mid-year population estimate",1976,"Age 0-4",65602,71282,136884
"Mid-year population estimate",1976,"Age 5-9",73151,76678,149829
"Mid-year population estimate",1976,"Age 10-14",75960,79839,155799
"Mid-year population estimate",1976,"Age 15-19",64954,65995,130949
"Mid-year population estimate",1976,"Age 20-24",50803,61088,111891
"Mid-year population estimate",1976,"Age 25-29",48993,54221,103214
"Mid-year population estimate",1976,"Age 30-34",46599,47858,94457
"Mid-year population estimate",1976,"Age 35-39",41149,42834,83983
"Mid-year population estimate",1976,"Age 40-44",40073,38586,78659
"Mid-year population estimate",1976,"Age 45-49",40383,38725,79108
"Mid-year population estimate",1976,"Age 50-54",40659,37706,78365
"Mid-year population estimate",1976,"Age 55-59",38541,35053,73594
"Mid-year population estimate",1976,"Age 60-64",38062,34440,72502
"Mid-year population estimate",1976,"Age 65-69",35318,27948,63266
"Mid-year population estimate",1976,"Age 70-74",28630,19447,48077
"Mid-year population estimate",1976,"Age 75-79",20496,12764,33260
"Mid-year population estimate",1976,"Age 80-84",12713,6654,19367
"Mid-year population estimate",1976,"Age 85-89",5804,2560,8364
"Mid-year population estimate",1976,"Age 90+",1586,367,1953
"Mid-year population estimate",1976,"All",769476,754045,1523521
"Mid-year population estimate",1977,"Age 0-4",64108,68889,132997
"Mid-year population estimate",1977,"Age 5-9",71664,75799,147463
"Mid-year population estimate",1977,"Age 10-14",75923,80267,156190
"Mid-year population estimate",1977,"Age 15-19",66862,67996,134858
"Mid-year population estimate",1977,"Age 20-24",52082,61210,113292
"Mid-year population estimate",1977,"Age 25-29",47866,53427,101293
"Mid-year population estimate",1977,"Age 30-34",47648,49431,97079
"Mid-year population estimate",1977,"Age 35-39",41315,42897,84212
"Mid-year population estimate",1977,"Age 40-44",40135,39080,79215
"Mid-year population estimate",1977,"Age 45-49",39881,38113,77994
"Mid-year population estimate",1977,"Age 50-54",40010,37321,77331
"Mid-year population estimate",1977,"Age 55-59",39315,35764,75079
"Mid-year population estimate",1977,"Age 60-64",36969,33798,70767
"Mid-year population estimate",1977,"Age 65-69",35402,27965,63367
"Mid-year population estimate",1977,"Age 70-74",29044,19761,48805
"Mid-year population estimate",1977,"Age 75-79",20733,12668,33401
"Mid-year population estimate",1977,"Age 80-84",12821,6630,19451
"Mid-year population estimate",1977,"Age 85-89",5878,2628,8506
"Mid-year population estimate",1977,"Age 90+",1726,284,2010
"Mid-year population estimate",1977,"All",769382,753928,1523310
"Mid-year population estimate",1978,"Age 0-4",63016,66908,129924
"Mid-year population estimate",1978,"Age 5-9",69861,74543,144404
"Mid-year population estimate",1978,"Age 10-14",75578,79849,155427
"Mid-year population estimate",1978,"Age 15-19",68713,70456,139169
"Mid-year population estimate",1978,"Age 20-24",53735,61610,115345
"Mid-year population estimate",1978,"Age 25-29",47127,53380,100507
"Mid-year population estimate",1978,"Age 30-34",47625,49787,97412
"Mid-year population estimate",1978,"Age 35-39",42528,43757,86285
"Mid-year population estimate",1978,"Age 40-44",39928,39541,79469
"Mid-year population estimate",1978,"Age 45-49",39735,37738,77473
"Mid-year population estimate",1978,"Age 50-54",39390,36850,76240
"Mid-year population estimate",1978,"Age 55-59",39913,36317,76230
"Mid-year population estimate",1978,"Age 60-64",35662,32392,68054
"Mid-year population estimate",1978,"Age 65-69",35637,27986,63623
"Mid-year population estimate",1978,"Age 70-74",29342,20167,49509
"Mid-year population estimate",1978,"Age 75-79",21177,12563,33740
"Mid-year population estimate",1978,"Age 80-84",12777,6716,19493
"Mid-year population estimate",1978,"Age 85-89",6068,2714,8782
"Mid-year population estimate",1978,"Age 90+",1842,297,2139
"Mid-year population estimate",1978,"All",769654,753571,1523225
"Mid-year population estimate",1979,"Age 0-4",63154,66021,129175
"Mid-year population estimate",1979,"Age 5-9",68079,73124,141203
"Mid-year population estimate",1979,"Age 10-14",74503,78631,153134
"Mid-year population estimate",1979,"Age 15-19",71139,73317,144456
"Mid-year population estimate",1979,"Age 20-24",56197,62901,119098
"Mid-year population estimate",1979,"Age 25-29",46914,53364,100278
"Mid-year population estimate",1979,"Age 30-34",47603,50097,97700
"Mid-year population estimate",1979,"Age 35-39",43408,44528,87936
"Mid-year population estimate",1979,"Age 40-44",40274,40171,80445
"Mid-year population estimate",1979,"Age 45-49",39427,37356,76783
"Mid-year population estimate",1979,"Age 50-54",39071,36741,75812
"Mid-year population estimate",1979,"Age 55-59",40048,36224,76272
"Mid-year population estimate",1979,"Age 60-64",35216,32018,67234
"Mid-year population estimate",1979,"Age 65-69",35581,27827,63408
"Mid-year population estimate",1979,"Age 70-74",29743,20516,50259
"Mid-year population estimate",1979,"Age 75-79",21636,12484,34120
"Mid-year population estimate",1979,"Age 80-84",12830,6655,19485
"Mid-year population estimate",1979,"Age 85-89",5822,2524,8346
"Mid-year population estimate",1979,"Age 90+",2443,666,3109
"Mid-year population estimate",1979,"All",773088,755165,1528253
"Mid-year population estimate",1980,"Age 0-4",64054,66557,130611
"Mid-year population estimate",1980,"Age 5-9",66201,71371,137572
"Mid-year population estimate",1980,"Age 10-14",73143,77071,150214
"Mid-year population estimate",1980,"Age 15-19",72739,75573,148312
"Mid-year population estimate",1980,"Age 20-24",59132,64048,123180
"Mid-year population estimate",1980,"Age 25-29",47277,53167,100444
"Mid-year population estimate",1980,"Age 30-34",47870,50416,98286
"Mid-year population estimate",1980,"Age 35-39",44608,45180,89788
"Mid-year population estimate",1980,"Age 40-44",40569,40620,81189
"Mid-year population estimate",1980,"Age 45-49",39140,37091,76231
"Mid-year population estimate",1980,"Age 50-54",39175,36663,75838
"Mid-year population estimate",1980,"Age 55-59",39400,35488,74888
"Mid-year population estimate",1980,"Age 60-64",35347,30485,65832
"Mid-year population estimate",1980,"Age 65-69",35521,27741,63262
"Mid-year population estimate",1980,"Age 70-74",30127,20933,51060
"Mid-year population estimate",1980,"Age 75-79",21976,12517,34493
"Mid-year population estimate",1980,"Age 80-84",13148,6560,19708
"Mid-year population estimate",1980,"Age 85-89",6094,2538,8632
"Mid-year population estimate",1980,"Age 90+",2490,743,3233
"Mid-year population estimate",1980,"All",778011,754762,1532773
"Mid-year population estimate",1981,"Age 0-4",64966,67825,132791
"Mid-year population estimate",1981,"Age 5-9",64633,68797,133430
"Mid-year population estimate",1981,"Age 10-14",72208,76131,148339
"Mid-year population estimate",1981,"Age 15-19",70128,75492,145620
"Mid-year population estimate",1981,"Age 20-24",60239,64905,125144
"Mid-year population estimate",1981,"Age 25-29",49380,52018,101398
"Mid-year population estimate",1981,"Age 30-34",48806,49847,98653
"Mid-year population estimate",1981,"Age 35-39",46831,46731,93562
"Mid-year population estimate",1981,"Age 40-44",41092,40061,81153
"Mid-year population estimate",1981,"Age 45-49",39115,37271,76386
"Mid-year population estimate",1981,"Age 50-54",39576,36159,75735
"Mid-year population estimate",1981,"Age 55-59",39430,35334,74764
"Mid-year population estimate",1981,"Age 60-64",36808,31523,68331
"Mid-year population estimate",1981,"Age 65-69",35013,27897,62910
"Mid-year population estimate",1981,"Age 70-74",30984,22144,53128
"Mid-year population estimate",1981,"Age 75-79",22298,13411,35709
"Mid-year population estimate",1981,"Age 80-84",14578,7192,21770
"Mid-year population estimate",1981,"Age 85-89",7320,2921,10241
"Mid-year population estimate",1981,"Age 90+",2934,966,3900
"Mid-year population estimate",1981,"All",786339,756625,1542964
"Mid-year population estimate",1982,"Age 0-4",65548,68213,133761
"Mid-year population estimate",1982,"Age 5-9",62808,66575,129383
"Mid-year population estimate",1982,"Age 10-14",70716,74408,145124
"Mid-year population estimate",1982,"Age 15-19",71327,76495,147822
"Mid-year population estimate",1982,"Age 20-24",60773,65390,126163
"Mid-year population estimate",1982,"Age 25-29",50272,52532,102804
"Mid-year population estimate",1982,"Age 30-34",48063,49174,97237
"Mid-year population estimate",1982,"Age 35-39",48022,47845,95867
"Mid-year population estimate",1982,"Age 40-44",41383,40511,81894
"Mid-year population estimate",1982,"Age 45-49",39368,37659,77027
"Mid-year population estimate",1982,"Age 50-54",39238,35873,75111
"Mid-year population estimate",1982,"Age 55-59",39109,35076,74185
"Mid-year population estimate",1982,"Age 60-64",37733,32470,70203
"Mid-year population estimate",1982,"Age 65-69",34132,27159,61291
"Mid-year population estimate",1982,"Age 70-74",31188,22373,53561
"Mid-year population estimate",1982,"Age 75-79",22846,13841,36687
"Mid-year population estimate",1982,"Age 80-84",14784,7207,21991
"Mid-year population estimate",1982,"Age 85-89",7497,2948,10445
"Mid-year population estimate",1982,"Age 90+",3001,988,3989
"Mid-year population estimate",1982,"All",787808,756737,1544545
"Mid-year population estimate",1983,"Age 0-4",65814,68772,134586
"Mid-year population estimate",1983,"Age 5-9",61855,65229,127084
"Mid-year population estimate",1983,"Age 10-14",69051,72590,141641
"Mid-year population estimate",1983,"Age 15-19",72159,76550,148709
"Mid-year population estimate",1983,"Age 20-24",61611,66488,128099
"Mid-year population estimate",1983,"Age 25-29",51835,53671,105506
"Mid-year population estimate",1983,"Age 30-34",47933,49243,97176
"Mid-year population estimate",1983,"Age 35-39",48329,48029,96358
"Mid-year population estimate",1983,"Age 40-44",42865,41891,84756
"Mid-year population estimate",1983,"Age 45-49",39408,38005,77413
"Mid-year population estimate",1983,"Age 50-54",39231,35967,75198
"Mid-year population estimate",1983,"Age 55-59",38860,34777,73637
"Mid-year population estimate",1983,"Age 60-64",38646,33303,71949
"Mid-year population estimate",1983,"Age 65-69",33110,26392,59502
"Mid-year population estimate",1983,"Age 70-74",31565,22624,54189
"Mid-year population estimate",1983,"Age 75-79",23429,14192,37621
"Mid-year population estimate",1983,"Age 80-84",15099,7249,22348
"Mid-year population estimate",1983,"Age 85-89",7592,3030,10622
"Mid-year population estimate",1983,"Age 90+",3155,1011,4166
"Mid-year population estimate",1983,"All",791547,759013,1550560
"Mid-year population estimate",1984,"Age 0-4",65708,68913,134621
"Mid-year population estimate",1984,"Age 5-9",61910,64900,126810
"Mid-year population estimate",1984,"Age 10-14",67149,70767,137916
"Mid-year population estimate",1984,"Age 15-19",72153,75676,147829
"Mid-year population estimate",1984,"Age 20-24",62946,67521,130467
"Mid-year population estimate",1984,"Age 25-29",53785,55056,108841
"Mid-year population estimate",1984,"Age 30-34",48138,49377,97515
"Mid-year population estimate",1984,"Age 35-39",48512,48199,96711
"Mid-year population estimate",1984,"Age 40-44",44040,43137,87177
"Mid-year population estimate",1984,"Age 45-49",39982,38496,78478
"Mid-year population estimate",1984,"Age 50-54",38944,35942,74886
"Mid-year population estimate",1984,"Age 55-59",38742,34641,73383
"Mid-year population estimate",1984,"Age 60-64",39019,33651,72670
"Mid-year population estimate",1984,"Age 65-69",32809,26236,59045
"Mid-year population estimate",1984,"Age 70-74",31737,22732,54469
"Mid-year population estimate",1984,"Age 75-79",23988,14705,38693
"Mid-year population estimate",1984,"Age 80-84",15357,7277,22634
"Mid-year population estimate",1984,"Age 85-89",7816,3081,10897
"Mid-year population estimate",1984,"Age 90+",3274,1001,4275
"Mid-year population estimate",1984,"All",796009,761308,1557317
"Mid-year population estimate",1985,"Age 0-4",65371,68763,134134
"Mid-year population estimate",1985,"Age 5-9",62788,65808,128596
"Mid-year population estimate",1985,"Age 10-14",65184,68828,134012
"Mid-year population estimate",1985,"Age 15-19",71466,74408,145874
"Mid-year population estimate",1985,"Age 20-24",63929,68314,132243
"Mid-year population estimate",1985,"Age 25-29",56026,57007,113033
"Mid-year population estimate",1985,"Age 30-34",48503,49759,98262
"Mid-year population estimate",1985,"Age 35-39",48727,48716,97443
"Mid-year population estimate",1985,"Age 40-44",45340,44328,89668
"Mid-year population estimate",1985,"Age 45-49",40337,38826,79163
"Mid-year population estimate",1985,"Age 50-54",38478,35875,74353
"Mid-year population estimate",1985,"Age 55-59",39017,34595,73612
"Mid-year population estimate",1985,"Age 60-64",38525,33336,71861
"Mid-year population estimate",1985,"Age 65-69",33203,26776,59979
"Mid-year population estimate",1985,"Age 70-74",31754,22806,54560
"Mid-year population estimate",1985,"Age 75-79",24607,15074,39681
"Mid-year population estimate",1985,"Age 80-84",15646,7555,23201
"Mid-year population estimate",1985,"Age 85-89",8137,3094,11231
"Mid-year population estimate",1985,"Age 90+",3409,1037,4446
"Mid-year population estimate",1985,"All",800447,764905,1565352
"Mid-year population estimate",1986,"Age 0-4",65318,68984,134302
"Mid-year population estimate",1986,"Age 5-9",63830,66647,130477
"Mid-year population estimate",1986,"Age 10-14",63330,67073,130403
"Mid-year population estimate",1986,"Age 15-19",70671,73094,143765
"Mid-year population estimate",1986,"Age 20-24",64590,68624,133214
"Mid-year population estimate",1986,"Age 25-29",57859,58527,116386
"Mid-year population estimate",1986,"Age 30-34",49625,50600,100225
"Mid-year population estimate",1986,"Age 35-39",49027,49123,98150
"Mid-year population estimate",1986,"Age 40-44",46645,45648,92293
"Mid-year population estimate",1986,"Age 45-49",40361,39002,79363
"Mid-year population estimate",1986,"Age 50-54",38359,36103,74462
"Mid-year population estimate",1986,"Age 55-59",38997,34487,73484
"Mid-year population estimate",1986,"Age 60-64",38203,32988,71191
"Mid-year population estimate",1986,"Age 65-69",34184,27706,61890
"Mid-year population estimate",1986,"Age 70-74",31126,22427,53553
"Mid-year population estimate",1986,"Age 75-79",25028,15438,40466
"Mid-year population estimate",1986,"Age 80-84",15910,7682,23592
"Mid-year population estimate",1986,"Age 85-89",8578,3181,11759
"Mid-year population estimate",1986,"Age 90+",3477,1049,4526
"Mid-year population estimate",1986,"All",805118,768383,1573501
"Mid-year population estimate",1987,"Age 0-4",65527,69568,135095
"Mid-year population estimate",1987,"Age 5-9",64460,67067,131527
"Mid-year population estimate",1987,"Age 10-14",62220,65806,128026
"Mid-year population estimate",1987,"Age 15-19",68872,71584,140456
"Mid-year population estimate",1987,"Age 20-24",64983,69207,134190
"Mid-year population estimate",1987,"Age 25-29",59073,59658,118731
"Mid-year population estimate",1987,"Age 30-34",51141,51931,103072
"Mid-year population estimate",1987,"Age 35-39",48457,48846,97303
"Mid-year population estimate",1987,"Age 40-44",48130,47049,95179
"Mid-year population estimate",1987,"Age 45-49",40791,39577,80368
"Mid-year population estimate",1987,"Age 50-54",38610,36543,75153
"Mid-year population estimate",1987,"Age 55-59",38713,34277,72990
"Mid-year population estimate",1987,"Age 60-64",37974,32836,70810
"Mid-year population estimate",1987,"Age 65-69",35319,28644,63963
"Mid-year population estimate",1987,"Age 70-74",30349,22042,52391
"Mid-year population estimate",1987,"Age 75-79",25381,15810,41191
"Mid-year population estimate",1987,"Age 80-84",16559,8101,24660
"Mid-year population estimate",1987,"Age 85-89",8935,3305,12240
"Mid-year population estimate",1987,"Age 90+",3610,999,4609
"Mid-year population estimate",1987,"All",809104,772850,1581954
"Mid-year population estimate",1988,"Age 0-4",65701,69541,135242
"Mid-year population estimate",1988,"Age 5-9",64578,67412,131990
"Mid-year population estimate",1988,"Age 10-14",61358,64515,125873
"Mid-year population estimate",1988,"Age 15-19",67190,70169,137359
"Mid-year population estimate",1988,"Age 20-24",64709,68025,132734
"Mid-year population estimate",1988,"Age 25-29",59826,60315,120141
"Mid-year population estimate",1988,"Age 30-34",52662,52910,105572
"Mid-year population estimate",1988,"Age 35-39",48403,48969,97372
"Mid-year population estimate",1988,"Age 40-44",48598,47388,95986
"Mid-year population estimate",1988,"Age 45-49",42237,41010,83247
"Mid-year population estimate",1988,"Age 50-54",38628,36891,75519
"Mid-year population estimate",1988,"Age 55-59",38604,34365,72969
"Mid-year population estimate",1988,"Age 60-64",37737,32650,70387
"Mid-year population estimate",1988,"Age 65-69",36284,29398,65682
"Mid-year population estimate",1988,"Age 70-74",29411,21507,50918
"Mid-year population estimate",1988,"Age 75-79",25821,16060,41881
"Mid-year population estimate",1988,"Age 80-84",17164,8338,25502
"Mid-year population estimate",1988,"Age 85-89",9071,3238,12309
"Mid-year population estimate",1988,"Age 90+",3678,1079,4757
"Mid-year population estimate",1988,"All",811660,773780,1585440
"Mid-year population estimate",1989,"Age 0-4",65052,69072,134124
"Mid-year population estimate",1989,"Age 5-9",64444,67540,131984
"Mid-year population estimate",1989,"Age 10-14",61492,64122,125614
"Mid-year population estimate",1989,"Age 15-19",65081,68678,133759
"Mid-year population estimate",1989,"Age 20-24",64274,67000,131274
"Mid-year population estimate",1989,"Age 25-29",60826,61109,121935
"Mid-year population estimate",1989,"Age 30-34",54414,53968,108382
"Mid-year population estimate",1989,"Age 35-39",48698,49286,97984
"Mid-year population estimate",1989,"Age 40-44",48827,47732,96559
"Mid-year population estimate",1989,"Age 45-49",43425,42344,85769
"Mid-year population estimate",1989,"Age 50-54",39175,37415,76590
"Mid-year population estimate",1989,"Age 55-59",38178,34372,72550
"Mid-year population estimate",1989,"Age 60-64",37625,32490,70115
"Mid-year population estimate",1989,"Age 65-69",36898,29820,66718
"Mid-year population estimate",1989,"Age 70-74",29140,21550,50690
"Mid-year population estimate",1989,"Age 75-79",26023,16336,42359
"Mid-year population estimate",1989,"Age 80-84",17743,8744,26487
"Mid-year population estimate",1989,"Age 85-89",9457,3313,12770
"Mid-year population estimate",1989,"Age 90+",3724,1048,4772
"Mid-year population estimate",1989,"All",814496,775939,1590435
"Mid-year population estimate",1990,"Age 0-4",64610,68166,132776
"Mid-year population estimate",1990,"Age 5-9",63839,67080,130919
"Mid-year population estimate",1990,"Age 10-14",62320,64934,127254
"Mid-year population estimate",1990,"Age 15-19",63364,67287,130651
"Mid-year population estimate",1990,"Age 20-24",63279,65671,128950
"Mid-year population estimate",1990,"Age 25-29",61693,61389,123082
"Mid-year population estimate",1990,"Age 30-34",56584,55525,112109
"Mid-year population estimate",1990,"Age 35-39",49137,49725,98862
"Mid-year population estimate",1990,"Age 40-44",49117,48266,97383
"Mid-year population estimate",1990,"Age 45-49",44928,43753,88681
"Mid-year population estimate",1990,"Age 50-54",39535,37766,77301
"Mid-year population estimate",1990,"Age 55-59",37501,34289,71790
"Mid-year population estimate",1990,"Age 60-64",37936,32487,70423
"Mid-year population estimate",1990,"Age 65-69",36512,29621,66133
"Mid-year population estimate",1990,"Age 70-74",29606,22045,51651
"Mid-year population estimate",1990,"Age 75-79",26042,16486,42528
"Mid-year population estimate",1990,"Age 80-84",18242,8976,27218
"Mid-year population estimate",1990,"Age 85-89",9710,3452,13162
"Mid-year population estimate",1990,"Age 90+",3756,966,4722
"Mid-year population estimate",1990,"All",817711,777884,1595595
"Mid-year population estimate",1991,"Age 0-4",64163,67714,131877
"Mid-year population estimate",1991,"Age 5-9",63636,67026,130662
"Mid-year population estimate",1991,"Age 10-14",63420,65790,129210
"Mid-year population estimate",1991,"Age 15-19",62115,66224,128339
"Mid-year population estimate",1991,"Age 20-24",62880,65178,128058
"Mid-year population estimate",1991,"Age 25-29",62707,61837,124544
"Mid-year population estimate",1991,"Age 30-34",58623,56809,115432
"Mid-year population estimate",1991,"Age 35-39",50350,50637,100987
"Mid-year population estimate",1991,"Age 40-44",49737,48912,98649
"Mid-year population estimate",1991,"Age 45-49",46265,45158,91423
"Mid-year population estimate",1991,"Age 50-54",39614,37968,77582
"Mid-year population estimate",1991,"Age 55-59",37427,34649,72076
"Mid-year population estimate",1991,"Age 60-64",37837,32345,70182
"Mid-year population estimate",1991,"Age 65-69",36321,29624,65945
"Mid-year population estimate",1991,"Age 70-74",30668,23012,53680
"Mid-year population estimate",1991,"Age 75-79",25700,16374,42074
"Mid-year population estimate",1991,"Age 80-84",18235,9158,27393
"Mid-year population estimate",1991,"Age 85-89",10087,3593,13680
"Mid-year population estimate",1991,"Age 90+",4360,1142,5502
"Mid-year population estimate",1991,"All",824145,783150,1607295
"Mid-year population estimate",1992,"Age 0-4",63598,67247,130845
"Mid-year population estimate",1992,"Age 5-9",64400,67937,132337
"Mid-year population estimate",1992,"Age 10-14",64081,66101,130182
"Mid-year population estimate",1992,"Age 15-19",61463,64953,126416
"Mid-year population estimate",1992,"Age 20-24",62530,66235,128765
"Mid-year population estimate",1992,"Age 25-29",63292,63303,126595
"Mid-year population estimate",1992,"Age 30-34",60180,58369,118549
"Mid-year population estimate",1992,"Age 35-39",52115,52323,104438
"Mid-year population estimate",1992,"Age 40-44",49194,48635,97829
"Mid-year population estimate",1992,"Age 45-49",47981,46766,94747
"Mid-year population estimate",1992,"Age 50-54",40233,38731,78964
"Mid-year population estimate",1992,"Age 55-59",37769,35267,73036
"Mid-year population estimate",1992,"Age 60-64",37613,32233,69846
"Mid-year population estimate",1992,"Age 65-69",36072,29628,65700
"Mid-year population estimate",1992,"Age 70-74",31837,23750,55587
"Mid-year population estimate",1992,"Age 75-79",25119,16199,41318
"Mid-year population estimate",1992,"Age 80-84",18663,9476,28139
"Mid-year population estimate",1992,"Age 85-89",10395,3768,14163
"Mid-year population estimate",1992,"Age 90+",4612,1195,5807
"Mid-year population estimate",1992,"All",831147,792116,1623263
"Mid-year population estimate",1993,"Age 0-4",62725,66117,128842
"Mid-year population estimate",1993,"Age 5-9",64989,68513,133502
"Mid-year population estimate",1993,"Age 10-14",64506,66726,131232
"Mid-year population estimate",1993,"Age 15-19",60938,63570,124508
"Mid-year population estimate",1993,"Age 20-24",62374,66598,128972
"Mid-year population estimate",1993,"Age 25-29",63877,63796,127673
"Mid-year population estimate",1993,"Age 30-34",61523,59885,121408
"Mid-year population estimate",1993,"Age 35-39",53806,53519,107325
"Mid-year population estimate",1993,"Age 40-44",49192,49039,98231
"Mid-year population estimate",1993,"Age 45-49",48636,47353,95989
"Mid-year population estimate",1993,"Age 50-54",41785,40234,82019
"Mid-year population estimate",1993,"Age 55-59",37955,35805,73760
"Mid-year population estimate",1993,"Age 60-64",37499,32452,69951
"Mid-year population estimate",1993,"Age 65-69",35838,29467,65305
"Mid-year population estimate",1993,"Age 70-74",32787,24406,57193
"Mid-year population estimate",1993,"Age 75-79",24506,15768,40274
"Mid-year population estimate",1993,"Age 80-84",18950,9835,28785
"Mid-year population estimate",1993,"Age 85-89",10575,3905,14480
"Mid-year population estimate",1993,"Age 90+",4879,1224,6103
"Mid-year population estimate",1993,"All",837340,798212,1635552
"Mid-year population estimate",1994,"Age 0-4",61892,64859,126751
"Mid-year population estimate",1994,"Age 5-9",64995,68614,133609
"Mid-year population estimate",1994,"Age 10-14",64796,67182,131978
"Mid-year population estimate",1994,"Age 15-19",60793,62468,123261
"Mid-year population estimate",1994,"Age 20-24",61232,65380,126612
"Mid-year population estimate",1994,"Age 25-29",64132,64524,128656
"Mid-year population estimate",1994,"Age 30-34",62960,61306,124266
"Mid-year population estimate",1994,"Age 35-39",55600,54588,110188
"Mid-year population estimate",1994,"Age 40-44",49448,49600,99048
"Mid-year population estimate",1994,"Age 45-49",48992,47683,96675
"Mid-year population estimate",1994,"Age 50-54",43058,41731,84789
"Mid-year population estimate",1994,"Age 55-59",38621,36390,75011
"Mid-year population estimate",1994,"Age 60-64",37044,32513,69557
"Mid-year population estimate",1994,"Age 65-69",35706,29291,64997
"Mid-year population estimate",1994,"Age 70-74",33348,24749,58097
"Mid-year population estimate",1994,"Age 75-79",24247,15796,40043
"Mid-year population estimate",1994,"Age 80-84",19081,9940,29021
"Mid-year population estimate",1994,"Age 85-89",10830,4105,14935
"Mid-year population estimate",1994,"Age 90+",4986,1227,6213
"Mid-year population estimate",1994,"All",841761,801946,1643707
"Mid-year population estimate",1995,"Age 0-4",60900,63748,124648
"Mid-year population estimate",1995,"Age 5-9",64788,68406,133194
"Mid-year population estimate",1995,"Age 10-14",64747,67165,131912
"Mid-year population estimate",1995,"Age 15-19",60937,62311,123248
"Mid-year population estimate",1995,"Age 20-24",59825,63058,122883
"Mid-year population estimate",1995,"Age 25-29",63567,63899,127466
"Mid-year population estimate",1995,"Age 30-34",64209,62336,126545
"Mid-year population estimate",1995,"Age 35-39",57750,56119,113869
"Mid-year population estimate",1995,"Age 40-44",49684,50211,99895
"Mid-year population estimate",1995,"Age 45-49",49469,48281,97750
"Mid-year population estimate",1995,"Age 50-54",44619,43185,87804
"Mid-year population estimate",1995,"Age 55-59",39032,36823,75855
"Mid-year population estimate",1995,"Age 60-64",36536,32549,69085
"Mid-year population estimate",1995,"Age 65-69",35893,29291,65184
"Mid-year population estimate",1995,"Age 70-74",33020,24594,57614
"Mid-year population estimate",1995,"Age 75-79",24758,16430,41188
"Mid-year population estimate",1995,"Age 80-84",19198,10106,29304
"Mid-year population estimate",1995,"Age 85-89",10926,4264,15190
"Mid-year population estimate",1995,"Age 90+",5259,1238,6497
"Mid-year population estimate",1995,"All",845117,804014,1649131
"Mid-year population estimate",1996,"Age 0-4",59934,62938,122872
"Mid-year population estimate",1996,"Age 5-9",64717,68136,132853
"Mid-year population estimate",1996,"Age 10-14",65115,67684,132799
"Mid-year population estimate",1996,"Age 15-19",61650,62454,124104
"Mid-year population estimate",1996,"Age 20-24",58714,61192,119906
"Mid-year population estimate",1996,"Age 25-29",63715,64514,128229
"Mid-year population estimate",1996,"Age 30-34",65311,63694,129005
"Mid-year population estimate",1996,"Age 35-39",59642,57658,117300
"Mid-year population estimate",1996,"Age 40-44",50838,51390,102228
"Mid-year population estimate",1996,"Age 45-49",50010,48820,98830
"Mid-year population estimate",1996,"Age 50-54",46054,44822,90876
"Mid-year population estimate",1996,"Age 55-59",39185,37135,76320
"Mid-year population estimate",1996,"Age 60-64",36599,33023,69622
"Mid-year population estimate",1996,"Age 65-69",35778,29263,65041
"Mid-year population estimate",1996,"Age 70-74",32860,24660,57520
"Mid-year population estimate",1996,"Age 75-79",25723,17192,42915
"Mid-year population estimate",1996,"Age 80-84",18996,10028,29024
"Mid-year population estimate",1996,"Age 85-89",11052,4398,15450
"Mid-year population estimate",1996,"Age 90+",5511,1346,6857
"Mid-year population estimate",1996,"All",851404,810347,1661751
"Mid-year population estimate",1997,"Age 0-4",59354,62259,121613
"Mid-year population estimate",1997,"Age 5-9",64088,67446,131534
"Mid-year population estimate",1997,"Age 10-14",65535,68625,134160
"Mid-year population estimate",1997,"Age 15-19",62203,63256,125459
"Mid-year population estimate",1997,"Age 20-24",57120,59355,116475
"Mid-year population estimate",1997,"Age 25-29",63267,64196,127463
"Mid-year population estimate",1997,"Age 30-34",65713,64395,130108
"Mid-year population estimate",1997,"Age 35-39",61608,59173,120781
"Mid-year population estimate",1997,"Age 40-44",52581,52708,105289
"Mid-year population estimate",1997,"Age 45-49",49406,48657,98063
"Mid-year population estimate",1997,"Age 50-54",47831,46380,94211
"Mid-year population estimate",1997,"Age 55-59",39752,37819,77571
"Mid-year population estimate",1997,"Age 60-64",36975,33610,70585
"Mid-year population estimate",1997,"Age 65-69",35500,29291,64791
"Mid-year population estimate",1997,"Age 70-74",32727,24742,57469
"Mid-year population estimate",1997,"Age 75-79",26655,17711,44366
"Mid-year population estimate",1997,"Age 80-84",18582,9994,28576
"Mid-year population estimate",1997,"Age 85-89",11230,4468,15698
"Mid-year population estimate",1997,"Age 90+",5615,1434,7049
"Mid-year population estimate",1997,"All",855742,815519,1671261
"Mid-year population estimate",1998,"Age 0-4",58749,61693,120442
"Mid-year population estimate",1998,"Age 5-9",63149,66306,129455
"Mid-year population estimate",1998,"Age 10-14",65749,68927,134676
"Mid-year population estimate",1998,"Age 15-19",62443,64044,126487
"Mid-year population estimate",1998,"Age 20-24",55874,57092,112966
"Mid-year population estimate",1998,"Age 25-29",62625,63286,125911
"Mid-year population estimate",1998,"Age 30-34",66130,64742,130872
"Mid-year population estimate",1998,"Age 35-39",62667,60404,123071
"Mid-year population estimate",1998,"Age 40-44",54321,53979,108300
"Mid-year population estimate",1998,"Age 45-49",49428,49215,98643
"Mid-year population estimate",1998,"Age 50-54",48529,46940,95469
"Mid-year population estimate",1998,"Age 55-59",41323,39319,80642
"Mid-year population estimate",1998,"Age 60-64",37210,34217,71427
"Mid-year population estimate",1998,"Age 65-69",35520,29543,65063
"Mid-year population estimate",1998,"Age 70-74",32565,24718,57283
"Mid-year population estimate",1998,"Age 75-79",27507,18276,45783
"Mid-year population estimate",1998,"Age 80-84",18218,9823,28041
"Mid-year population estimate",1998,"Age 85-89",11298,4610,15908
"Mid-year population estimate",1998,"Age 90+",5795,1535,7330
"Mid-year population estimate",1998,"All",859100,818669,1677769
"Mid-year population estimate",1999,"Age 0-4",57939,61253,119192
"Mid-year population estimate",1999,"Age 5-9",62217,65061,127278
"Mid-year population estimate",1999,"Age 10-14",65557,68987,134544
"Mid-year population estimate",1999,"Age 15-19",62579,64272,126851
"Mid-year population estimate",1999,"Age 20-24",54851,54963,109814
"Mid-year population estimate",1999,"Age 25-29",61164,61041,122205
"Mid-year population estimate",1999,"Age 30-34",65864,64016,129880
"Mid-year population estimate",1999,"Age 35-39",64190,61790,125980
"Mid-year population estimate",1999,"Age 40-44",56155,54995,111150
"Mid-year population estimate",1999,"Age 45-49",49593,49896,99489
"Mid-year population estimate",1999,"Age 50-54",48980,47362,96342
"Mid-year population estimate",1999,"Age 55-59",42586,40821,83407
"Mid-year population estimate",1999,"Age 60-64",37845,34891,72736
"Mid-year population estimate",1999,"Age 65-69",35310,29667,64977
"Mid-year population estimate",1999,"Age 70-74",32510,24742,57252
"Mid-year population estimate",1999,"Age 75-79",28026,18545,46571
"Mid-year population estimate",1999,"Age 80-84",18101,9999,28100
"Mid-year population estimate",1999,"Age 85-89",11297,4646,15943
"Mid-year population estimate",1999,"Age 90+",5744,1551,7295
"Mid-year population estimate",1999,"All",860508,818498,1679006
"Mid-year population estimate",2000,"Age 0-4",56955,60375,117330
"Mid-year population estimate",2000,"Age 5-9",61146,64039,125185
"Mid-year population estimate",2000,"Age 10-14",65094,68494,133588
"Mid-year population estimate",2000,"Age 15-19",63130,64779,127909
"Mid-year population estimate",2000,"Age 20-24",54574,54799,109373
"Mid-year population estimate",2000,"Age 25-29",59720,58999,118719
"Mid-year population estimate",2000,"Age 30-34",65217,63301,128518
"Mid-year population estimate",2000,"Age 35-39",65590,63092,128682
"Mid-year population estimate",2000,"Age 40-44",58308,56272,114580
"Mid-year population estimate",2000,"Age 45-49",49855,50656,100511
"Mid-year population estimate",2000,"Age 50-54",49526,47995,97521
"Mid-year population estimate",2000,"Age 55-59",44022,42293,86315
"Mid-year population estimate",2000,"Age 60-64",38201,35264,73465
"Mid-year population estimate",2000,"Age 65-69",34980,29964,64944
"Mid-year population estimate",2000,"Age 70-74",32738,24844,57582
"Mid-year population estimate",2000,"Age 75-79",27805,18498,46303
"Mid-year population estimate",2000,"Age 80-84",18559,10544,29103
"Mid-year population estimate",2000,"Age 85-89",11403,4682,16085
"Mid-year population estimate",2000,"Age 90+",5643,1588,7231
"Mid-year population estimate",2000,"All",862466,820478,1682944
"Mid-year population estimate",2001,"Age 0-4",55848,59050,114898
"Mid-year population estimate",2001,"Age 5-9",59649,62995,122644
"Mid-year population estimate",2001,"Age 10-14",64663,68068,132731
"Mid-year population estimate",2001,"Age 15-19",63683,66262,129945
"Mid-year population estimate",2001,"Age 20-24",54462,55032,109494
"Mid-year population estimate",2001,"Age 25-29",57779,56822,114601
"Mid-year population estimate",2001,"Age 30-34",65008,62701,127709
"Mid-year population estimate",2001,"Age 35-39",66198,64026,130224
"Mid-year population estimate",2001,"Age 40-44",60318,57900,118218
"Mid-year population estimate",2001,"Age 45-49",51075,51820,102895
"Mid-year population estimate",2001,"Age 50-54",49898,48447,98345
"Mid-year population estimate",2001,"Age 55-59",45450,43851,89301
"Mid-year population estimate",2001,"Age 60-64",38270,35473,73743
"Mid-year population estimate",2001,"Age 65-69",35038,30506,65544
"Mid-year population estimate",2001,"Age 70-74",32783,25089,57872
"Mid-year population estimate",2001,"Age 75-79",28047,18704,46751
"Mid-year population estimate",2001,"Age 80-84",19311,11152,30463
"Mid-year population estimate",2001,"Age 85-89",11445,4771,16216
"Mid-year population estimate",2001,"Age 90+",5640,1604,7244
"Mid-year population estimate",2001,"All",864565,824273,1688838
"Mid-year population estimate",2002,"Age 0-4",54536,57552,112088
"Mid-year population estimate",2002,"Age 5-9",59120,62183,121303
"Mid-year population estimate",2002,"Age 10-14",63916,67151,131067
"Mid-year population estimate",2002,"Age 15-19",65028,68276,133304
"Mid-year population estimate",2002,"Age 20-24",55393,55713,111106
"Mid-year population estimate",2002,"Age 25-29",56581,55660,112241
"Mid-year population estimate",2002,"Age 30-34",64369,62332,126701
"Mid-year population estimate",2002,"Age 35-39",66680,64726,131406
"Mid-year population estimate",2002,"Age 40-44",61724,59061,120785
"Mid-year population estimate",2002,"Age 45-49",52610,52968,105578
"Mid-year population estimate",2002,"Age 50-54",49180,48255,97435
"Mid-year population estimate",2002,"Age 55-59",47337,45459,92796
"Mid-year population estimate",2002,"Age 60-64",38717,36178,74895
"Mid-year population estimate",2002,"Age 65-69",35365,31005,66370
"Mid-year population estimate",2002,"Age 70-74",32548,25312,57860
"Mid-year population estimate",2002,"Age 75-79",28072,19045,47117
"Mid-year population estimate",2002,"Age 80-84",20145,11610,31755
"Mid-year population estimate",2002,"Age 85-89",11355,4805,16160
"Mid-year population estimate",2002,"Age 90+",5872,1695,7567
"Mid-year population estimate",2002,"All",868548,828986,1697534
"Mid-year population estimate",2003,"Age 0-4",53445,56526,109971
"Mid-year population estimate",2003,"Age 5-9",58617,61744,120361
"Mid-year population estimate",2003,"Age 10-14",62816,65917,128733
"Mid-year population estimate",2003,"Age 15-19",65099,68236,133335
"Mid-year population estimate",2003,"Age 20-24",56717,57589,114306
"Mid-year population estimate",2003,"Age 25-29",55661,54452,110113
"Mid-year population estimate",2003,"Age 30-34",63718,61783,125501
"Mid-year population estimate",2003,"Age 35-39",67029,64978,132007
"Mid-year population estimate",2003,"Age 40-44",62771,60329,123100
"Mid-year population estimate",2003,"Age 45-49",54215,54029,108244
"Mid-year population estimate",2003,"Age 50-54",49223,48869,98092
"Mid-year population estimate",2003,"Age 55-59",47934,45899,93833
"Mid-year population estimate",2003,"Age 60-64",40241,37728,77969
"Mid-year population estimate",2003,"Age 65-69",35571,31627,67198
"Mid-year population estimate",2003,"Age 70-74",32520,25618,58138
"Mid-year population estimate",2003,"Age 75-79",27944,19183,47127
"Mid-year population estimate",2003,"Age 80-84",21064,12016,33080
"Mid-year population estimate",2003,"Age 85-89",11108,4817,15925
"Mid-year population estimate",2003,"Age 90+",6127,1764,7891
"Mid-year population estimate",2003,"All",871820,833104,1704924
"Mid-year population estimate",2004,"Age 0-4",52683,55866,108549
"Mid-year population estimate",2004,"Age 5-9",58094,61456,119550
"Mid-year population estimate",2004,"Age 10-14",62135,64748,126883
"Mid-year population estimate",2004,"Age 15-19",65145,68498,133643
"Mid-year population estimate",2004,"Age 20-24",57913,59017,116930
"Mid-year population estimate",2004,"Age 25-29",55527,54044,109571
"Mid-year population estimate",2004,"Age 30-34",62574,60669,123243
"Mid-year population estimate",2004,"Age 35-39",66842,64767,131609
"Mid-year population estimate",2004,"Age 40-44",64227,62224,126451
"Mid-year population estimate",2004,"Age 45-49",55983,54909,110892
"Mid-year population estimate",2004,"Age 50-54",49338,49512,98850
"Mid-year population estimate",2004,"Age 55-59",48302,46447,94749
"Mid-year population estimate",2004,"Age 60-64",41639,39313,80952
"Mid-year population estimate",2004,"Age 65-69",36183,32262,68445
"Mid-year population estimate",2004,"Age 70-74",32379,25897,58276
"Mid-year population estimate",2004,"Age 75-79",27993,19424,47417
"Mid-year population estimate",2004,"Age 80-84",21337,12319,33656
"Mid-year population estimate",2004,"Age 85-89",11288,5012,16300
"Mid-year population estimate",2004,"Age 90+",6209,1867,8076
"Mid-year population estimate",2004,"All",875791,838251,1714042
"Mid-year population estimate",2005,"Age 0-4",53117,56051,109168
"Mid-year population estimate",2005,"Age 5-9",57418,60900,118318
"Mid-year population estimate",2005,"Age 10-14",61277,63980,125257
"Mid-year population estimate",2005,"Age 15-19",64745,67871,132616
"Mid-year population estimate",2005,"Age 20-24",59356,60449,119805
"Mid-year population estimate",2005,"Age 25-29",56720,55262,111982
"Mid-year population estimate",2005,"Age 30-34",61540,59597,121137
"Mid-year population estimate",2005,"Age 35-39",66431,64443,130874
"Mid-year population estimate",2005,"Age 40-44",65710,63757,129467
"Mid-year population estimate",2005,"Age 45-49",58085,56548,114633
"Mid-year population estimate",2005,"Age 50-54",49515,50081,99596
"Mid-year population estimate",2005,"Age 55-59",48958,47105,96063
"Mid-year population estimate",2005,"Age 60-64",43073,40839,83912
"Mid-year population estimate",2005,"Age 65-69",36522,32743,69265
"Mid-year population estimate",2005,"Age 70-74",32189,26208,58397
"Mid-year population estimate",2005,"Age 75-79",28118,19535,47653
"Mid-year population estimate",2005,"Age 80-84",21297,12438,33735
"Mid-year population estimate",2005,"Age 85-89",11872,5520,17392
"Mid-year population estimate",2005,"Age 90+",6489,1974,8463
"Mid-year population estimate",2005,"All",882432,845301,1727733
"Mid-year population estimate",2006,"Age 0-4",54002,56802,110804
"Mid-year population estimate",2006,"Age 5-9",56745,59938,116683
"Mid-year population estimate",2006,"Age 10-14",60371,63296,123667
"Mid-year population estimate",2006,"Age 15-19",64189,67301,131490
"Mid-year population estimate",2006,"Age 20-24",60799,61933,122732
"Mid-year population estimate",2006,"Age 25-29",58508,56666,115174
"Mid-year population estimate",2006,"Age 30-34",60309,58559,118868
"Mid-year population estimate",2006,"Age 35-39",66433,64200,130633
"Mid-year population estimate",2006,"Age 40-44",66571,64707,131278
"Mid-year population estimate",2006,"Age 45-49",59931,58123,118054
"Mid-year population estimate",2006,"Age 50-54",50565,51225,101790
"Mid-year population estimate",2006,"Age 55-59",49173,47656,96829
"Mid-year population estimate",2006,"Age 60-64",44682,42379,87061
"Mid-year population estimate",2006,"Age 65-69",36622,33105,69727
"Mid-year population estimate",2006,"Age 70-74",32261,26752,59013
"Mid-year population estimate",2006,"Age 75-79",28197,19848,48045
"Mid-year population estimate",2006,"Age 80-84",21580,12645,34225
"Mid-year population estimate",2006,"Age 85-89",12409,5934,18343
"Mid-year population estimate",2006,"Age 90+",6656,2041,8697
"Mid-year population estimate",2006,"All",890003,853110,1743113
"Mid-year population estimate",2007,"Age 0-4",55272,58442,113714
"Mid-year population estimate",2007,"Age 5-9",55679,58872,114551
"Mid-year population estimate",2007,"Age 10-14",60272,63022,123294
"Mid-year population estimate",2007,"Age 15-19",63608,66472,130080
"Mid-year population estimate",2007,"Age 20-24",62351,63238,125589
"Mid-year population estimate",2007,"Age 25-29",60878,58713,119591
"Mid-year population estimate",2007,"Age 30-34",59884,57777,117661
"Mid-year population estimate",2007,"Age 35-39",66081,63927,130008
"Mid-year population estimate",2007,"Age 40-44",67346,65542,132888
"Mid-year population estimate",2007,"Age 45-49",61550,59715,121265
"Mid-year population estimate",2007,"Age 50-54",52164,52580,104744
"Mid-year population estimate",2007,"Age 55-59",48543,47537,96080
"Mid-year population estimate",2007,"Age 60-64",46402,43888,90290
"Mid-year population estimate",2007,"Age 65-69",37114,33847,70961
"Mid-year population estimate",2007,"Age 70-74",32696,27394,60090
"Mid-year population estimate",2007,"Age 75-79",28142,20089,48231
"Mid-year population estimate",2007,"Age 80-84",21722,12978,34700
"Mid-year population estimate",2007,"Age 85-89",13021,6187,19208
"Mid-year population estimate",2007,"Age 90+",6702,2036,8738
"Mid-year population estimate",2007,"All",899427,862256,1761683
"Mid-year population estimate",2008,"Age 0-4",57291,60564,117855
"Mid-year population estimate",2008,"Age 5-9",54846,57892,112738
"Mid-year population estimate",2008,"Age 10-14",59939,62948,122887
"Mid-year population estimate",2008,"Age 15-19",62849,65458,128307
"Mid-year population estimate",2008,"Age 20-24",63019,63639,126658
"Mid-year population estimate",2008,"Age 25-29",62991,60785,123776
"Mid-year population estimate",2008,"Age 30-34",59524,57186,116710
"Mid-year population estimate",2008,"Age 35-39",65573,63312,128885
"Mid-year population estimate",2008,"Age 40-44",68001,65906,133907
"Mid-year population estimate",2008,"Age 45-49",62860,61287,124147
"Mid-year population estimate",2008,"Age 50-54",53875,53955,107830
"Mid-year population estimate",2008,"Age 55-59",48474,48034,96508
"Mid-year population estimate",2008,"Age 60-64",47005,44439,91444
"Mid-year population estimate",2008,"Age 65-69",38571,35261,73832
"Mid-year population estimate",2008,"Age 70-74",32999,28111,61110
"Mid-year population estimate",2008,"Age 75-79",28293,20543,48836
"Mid-year population estimate",2008,"Age 80-84",21699,13093,34792
"Mid-year population estimate",2008,"Age 85-89",13552,6476,20028
"Mid-year population estimate",2008,"Age 90+",6793,2109,8902
"Mid-year population estimate",2008,"All",908154,870998,1779152
"Mid-year population estimate",2009,"Age 0-4",58870,62084,120954
"Mid-year population estimate",2009,"Age 5-9",54034,57246,111280
"Mid-year population estimate",2009,"Age 10-14",59502,62649,122151
"Mid-year population estimate",2009,"Age 15-19",62481,64958,127439
"Mid-year population estimate",2009,"Age 20-24",62977,64126,127103
"Mid-year population estimate",2009,"Age 25-29",63826,61882,125708
"Mid-year population estimate",2009,"Age 30-34",59898,57152,117050
"Mid-year population estimate",2009,"Age 35-39",64664,62346,127010
"Mid-year population estimate",2009,"Age 40-44",67857,65481,133338
"Mid-year population estimate",2009,"Age 45-49",64520,63028,127548
"Mid-year population estimate",2009,"Age 50-54",55684,55125,110809
"Mid-year population estimate",2009,"Age 55-59",48606,48639,97245
"Mid-year population estimate",2009,"Age 60-64",47351,44980,92331
"Mid-year population estimate",2009,"Age 65-69",39990,36840,76830
"Mid-year population estimate",2009,"Age 70-74",33583,28847,62430
"Mid-year population estimate",2009,"Age 75-79",28282,20952,49234
"Mid-year population estimate",2009,"Age 80-84",21808,13333,35141
"Mid-year population estimate",2009,"Age 85-89",13883,6679,20562
"Mid-year population estimate",2009,"Age 90+",6955,2215,9170
"Mid-year population estimate",2009,"All",914771,878562,1793333
"Mid-year population estimate",2010,"Age 0-4",60279,63311,123590
"Mid-year population estimate",2010,"Age 5-9",53981,56988,110969
"Mid-year population estimate",2010,"Age 10-14",58620,61967,120587
"Mid-year population estimate",2010,"Age 15-19",61776,64465,126241
"Mid-year population estimate",2010,"Age 20-24",62515,63756,126271
"Mid-year population estimate",2010,"Age 25-29",63957,61922,125879
"Mid-year population estimate",2010,"Age 30-34",60845,58003,118848
"Mid-year population estimate",2010,"Age 35-39",63282,61048,124330
"Mid-year population estimate",2010,"Age 40-44",67359,64944,132303
"Mid-year population estimate",2010,"Age 45-49",66077,64441,130518
"Mid-year population estimate",2010,"Age 50-54",57713,56586,114299
"Mid-year population estimate",2010,"Age 55-59",48821,49148,97969
"Mid-year population estimate",2010,"Age 60-64",47758,45636,93394
"Mid-year population estimate",2010,"Age 65-69",41483,38408,79891
"Mid-year population estimate",2010,"Age 70-74",33974,29278,63252
"Mid-year population estimate",2010,"Age 75-79",28331,21581,49912
"Mid-year population estimate",2010,"Age 80-84",22079,13671,35750
"Mid-year population estimate",2010,"Age 85-89",14098,6879,20977
"Mid-year population estimate",2010,"Age 90+",7350,2503,9853
"Mid-year population estimate",2010,"All",920298,884535,1804833
"Mid-year population estimate",2011,"Age 0-4",61551,64543,126094
"Mid-year population estimate",2011,"Age 5-9",54406,57415,111821
"Mid-year population estimate",2011,"Age 10-14",57597,60751,118348
"Mid-year population estimate",2011,"Age 15-19",61184,63824,125008
"Mid-year population estimate",2011,"Age 20-24",61715,63331,125046
"Mid-year population estimate",2011,"Age 25-29",63562,61435,124997
"Mid-year population estimate",2011,"Age 30-34",62002,58725,120727
"Mid-year population estimate",2011,"Age 35-39",61681,59529,121210
"Mid-year population estimate",2011,"Age 40-44",67151,64393,131544
"Mid-year population estimate",2011,"Age 45-49",66863,65226,132089
"Mid-year population estimate",2011,"Age 50-54",59499,58214,117713
"Mid-year population estimate",2011,"Age 55-59",49822,50108,99930
"Mid-year population estimate",2011,"Age 60-64",47914,46115,94029
"Mid-year population estimate",2011,"Age 65-69",43030,40021,83051
"Mid-year population estimate",2011,"Age 70-74",34063,29637,63700
"Mid-year population estimate",2011,"Age 75-79",28602,22104,50706
"Mid-year population estimate",2011,"Age 80-84",22381,14159,36540
"Mid-year population estimate",2011,"Age 85-89",14219,7116,21335
"Mid-year population estimate",2011,"Age 90+",7754,2676,10430
"Mid-year population estimate",2011,"All",924996,889322,1814318
"Mid-year population estimate",2012,"Age 0-4",62040,65012,127052
"Mid-year population estimate",2012,"Age 5-9",55579,58737,114316
"Mid-year population estimate",2012,"Age 10-14",56316,59344,115660
"Mid-year population estimate",2012,"Age 15-19",60854,63306,124160
"Mid-year population estimate",2012,"Age 20-24",60901,62717,123618
"Mid-year population estimate",2012,"Age 25-29",63656,61680,125336
"Mid-year population estimate",2012,"Age 30-34",62845,59559,122404
"Mid-year population estimate",2012,"Age 35-39",60381,57946,118327
"Mid-year population estimate",2012,"Age 40-44",66315,63903,130218
"Mid-year population estimate",2012,"Age 45-49",67448,65721,133169
"Mid-year population estimate",2012,"Age 50-54",61202,59626,120828
"Mid-year population estimate",2012,"Age 55-59",51439,51594,103033
"Mid-year population estimate",2012,"Age 60-64",47358,46155,93513
"Mid-year population estimate",2012,"Age 65-69",44664,41481,86145
"Mid-year population estimate",2012,"Age 70-74",34685,30409,65094
"Mid-year population estimate",2012,"Age 75-79",29021,22813,51834
"Mid-year population estimate",2012,"Age 80-84",22590,14593,37183
"Mid-year population estimate",2012,"Age 85-89",14291,7382,21673
"Mid-year population estimate",2012,"Age 90+",8151,2889,11040
"Mid-year population estimate",2012,"All",929736,894867,1824603
"Mid-year population estimate",2013,"Age 0-4",61715,64436,126151
"Mid-year population estimate",2013,"Age 5-9",57431,60629,118060
"Mid-year population estimate",2013,"Age 10-14",55242,57981,113223
"Mid-year population estimate",2013,"Age 15-19",60187,63072,123259
"Mid-year population estimate",2013,"Age 20-24",60258,61279,121537
"Mid-year population estimate",2013,"Age 25-29",63528,61236,124764
"Mid-year population estimate",2013,"Age 30-34",63512,60039,123551
"Mid-year population estimate",2013,"Age 35-39",59370,56661,116031
"Mid-year population estimate",2013,"Age 40-44",65352,62781,128133
"Mid-year population estimate",2013,"Age 45-49",67926,65732,133658
"Mid-year population estimate",2013,"Age 50-54",62544,61119,123663
"Mid-year population estimate",2013,"Age 55-59",53186,53088,106274
"Mid-year population estimate",2013,"Age 60-64",47387,46541,93928
"Mid-year population estimate",2013,"Age 65-69",45290,42152,87442
"Mid-year population estimate",2013,"Age 70-74",36164,31927,68091
"Mid-year population estimate",2013,"Age 75-79",29300,23524,52824
"Mid-year population estimate",2013,"Age 80-84",22756,15046,37802
"Mid-year population estimate",2013,"Age 85-89",14433,7525,21958
"Mid-year population estimate",2013,"Age 90+",8300,3028,11328
"Mid-year population estimate",2013,"All",933881,897796,1831677
"Mid-year population estimate",2014,"Age 0-4",61227,63910,125137
"Mid-year population estimate",2014,"Age 5-9",59085,62203,121288
"Mid-year population estimate",2014,"Age 10-14",54722,57403,112125
"Mid-year population estimate",2014,"Age 15-19",59636,62790,122426
"Mid-year population estimate",2014,"Age 20-24",59795,60762,120557
"Mid-year population estimate",2014,"Age 25-29",63359,61181,124540
"Mid-year population estimate",2014,"Age 30-34",63849,60555,124404
"Mid-year population estimate",2014,"Age 35-39",59594,56454,116048
"Mid-year population estimate",2014,"Age 40-44",64270,61708,125978
"Mid-year population estimate",2014,"Age 45-49",67788,65311,133099
"Mid-year population estimate",2014,"Age 50-54",64232,62654,126886
"Mid-year population estimate",2014,"Age 55-59",55103,54427,109530
"Mid-year population estimate",2014,"Age 60-64",47602,47172,94774
"Mid-year population estimate",2014,"Age 65-69",45553,42630,88183
"Mid-year population estimate",2014,"Age 70-74",37605,33483,71088
"Mid-year population estimate",2014,"Age 75-79",29996,24367,54363
"Mid-year population estimate",2014,"Age 80-84",22797,15556,38353
"Mid-year population estimate",2014,"Age 85-89",14610,7756,22366
"Mid-year population estimate",2014,"Age 90+",8776,3265,12041
"Mid-year population estimate",2014,"All",939599,903587,1843186
"Mid-year population estimate",2015,"Age 0-4",60941,63607,124548
"Mid-year population estimate",2015,"Age 5-9",60373,63401,123774
"Mid-year population estimate",2015,"Age 10-14",54978,57456,112434
"Mid-year population estimate",2015,"Age 15-19",58855,62060,120915
"Mid-year population estimate",2015,"Age 20-24",58982,60512,119494
"Mid-year population estimate",2015,"Age 25-29",63162,61031,124193
"Mid-year population estimate",2015,"Age 30-34",63850,60765,124615
"Mid-year population estimate",2015,"Age 35-39",60829,57577,118406
"Mid-year population estimate",2015,"Age 40-44",62883,60693,123576
"Mid-year population estimate",2015,"Age 45-49",67170,64737,131907
"Mid-year population estimate",2015,"Age 50-54",65754,64067,129821
"Mid-year population estimate",2015,"Age 55-59",57168,55918,113086
"Mid-year population estimate",2015,"Age 60-64",47875,47802,95677
"Mid-year population estimate",2015,"Age 65-69",45925,43262,89187
"Mid-year population estimate",2015,"Age 70-74",38994,34943,73937
"Mid-year population estimate",2015,"Age 75-79",30312,24770,55082
"Mid-year population estimate",2015,"Age 80-84",22890,16049,38939
"Mid-year population estimate",2015,"Age 85-89",14844,8067,22911
"Mid-year population estimate",2015,"Age 90+",8988,3453,12441
"Mid-year population estimate",2015,"All",944773,910170,1854943
"Mid-year population estimate",2016,"Age 0-4",60276,63502,123778
"Mid-year population estimate",2016,"Age 5-9",61681,64567,126248
"Mid-year population estimate",2016,"Age 10-14",55510,58155,113665
"Mid-year population estimate",2016,"Age 15-19",57962,60810,118772
"Mid-year population estimate",2016,"Age 20-24",57912,60122,118034
"Mid-year population estimate",2016,"Age 25-29",62687,60577,123264
"Mid-year population estimate",2016,"Age 30-34",64000,61089,125089
"Mid-year population estimate",2016,"Age 35-39",62162,58752,120914
"Mid-year population estimate",2016,"Age 40-44",61358,59325,120683
"Mid-year population estimate",2016,"Age 45-49",66960,64197,131157
"Mid-year population estimate",2016,"Age 50-54",66441,64838,131279
"Mid-year population estimate",2016,"Age 55-59",59155,57448,116603
"Mid-year population estimate",2016,"Age 60-64",48951,48812,97763
"Mid-year population estimate",2016,"Age 65-69",46167,43929,90096
"Mid-year population estimate",2016,"Age 70-74",40335,36408,76743
"Mid-year population estimate",2016,"Age 75-79",30519,25243,55762
"Mid-year population estimate",2016,"Age 80-84",23371,16577,39948
"Mid-year population estimate",2016,"Age 85-89",15042,8483,23525
"Mid-year population estimate",2016,"Age 90+",9179,3540,12719
"Mid-year population estimate",2016,"All",949668,916374,1866042
"Mid-year population estimate",2017,"Age 0-4",59374,62562,121936
"Mid-year population estimate",2017,"Age 5-9",62477,65300,127777
"Mid-year population estimate",2017,"Age 10-14",56562,59586,116148
"Mid-year population estimate",2017,"Age 15-19",56373,59183,115556
"Mid-year population estimate",2017,"Age 20-24",57122,59726,116848
"Mid-year population estimate",2017,"Age 25-29",62129,60075,122204
"Mid-year population estimate",2017,"Age 30-34",64458,61395,125853
"Mid-year population estimate",2017,"Age 35-39",63523,59896,123419
"Mid-year population estimate",2017,"Age 40-44",60236,58026,118262
"Mid-year population estimate",2017,"Age 45-49",66162,63794,129956
"Mid-year population estimate",2017,"Age 50-54",67058,65303,132361
"Mid-year population estimate",2017,"Age 55-59",60886,58876,119762
"Mid-year population estimate",2017,"Age 60-64",50529,50287,100816
"Mid-year population estimate",2017,"Age 65-69",45607,43859,89466
"Mid-year population estimate",2017,"Age 70-74",41926,37873,79799
"Mid-year population estimate",2017,"Age 75-79",31007,26007,57014
"Mid-year population estimate",2017,"Age 80-84",23788,17272,41060
"Mid-year population estimate",2017,"Age 85-89",15163,8739,23902
"Mid-year population estimate",2017,"Age 90+",9335,3704,13039
"Mid-year population estimate",2017,"All",953715,921463,1875178
"Mid-year population estimate",2018,"Age 0-4",58630,61939,120569
"Mid-year population estimate",2018,"Age 5-9",62362,65047,127409
"Mid-year population estimate",2018,"Age 10-14",58330,61433,119763
"Mid-year population estimate",2018,"Age 15-19",55572,58282,113854
"Mid-year population estimate",2018,"Age 20-24",56826,59910,116736
"Mid-year population estimate",2018,"Age 25-29",61150,59439,120589
"Mid-year population estimate",2018,"Age 30-34",65141,61793,126934
"Mid-year population estimate",2018,"Age 35-39",64671,61078,125749
"Mid-year population estimate",2018,"Age 40-44",59605,57133,116738
"Mid-year population estimate",2018,"Age 45-49",65342,63139,128481
"Mid-year population estimate",2018,"Age 50-54",67620,65501,133121
"Mid-year population estimate",2018,"Age 55-59",62117,60313,122430
"Mid-year population estimate",2018,"Age 60-64",52217,51680,103897
"Mid-year population estimate",2018,"Age 65-69",45793,44308,90101
"Mid-year population estimate",2018,"Age 70-74",42393,38465,80858
"Mid-year population estimate",2018,"Age 75-79",32377,27287,59664
"Mid-year population estimate",2018,"Age 80-84",24053,17805,41858
"Mid-year population estimate",2018,"Age 85-89",15308,9053,24361
"Mid-year population estimate",2018,"Age 90+",9354,3793,13147
"Mid-year population estimate",2018,"All",958861,927398,1886259
"Mid-year population estimate",2019,"Age 0-4",57946,61124,119070
"Mid-year population estimate",2019,"Age 5-9",61966,64712,126678
"Mid-year population estimate",2019,"Age 10-14",59848,62929,122777
"Mid-year population estimate",2019,"Age 15-19",55090,57738,112828
"Mid-year population estimate",2019,"Age 20-24",56329,60040,116369
"Mid-year population estimate",2019,"Age 25-29",60826,59161,119987
"Mid-year population estimate",2019,"Age 30-34",65115,62050,127165
"Mid-year population estimate",2019,"Age 35-39",65317,61640,126957
"Mid-year population estimate",2019,"Age 40-44",60256,57364,117620
"Mid-year population estimate",2019,"Age 45-49",64311,62298,126609
"Mid-year population estimate",2019,"Age 50-54",67551,65253,132804
"Mid-year population estimate",2019,"Age 55-59",63668,61944,125612
"Mid-year population estimate",2019,"Age 60-64",54221,52876,107097
"Mid-year population estimate",2019,"Age 65-69",46013,44942,90955
"Mid-year population estimate",2019,"Age 70-74",42724,39180,81904
"Mid-year population estimate",2019,"Age 75-79",33638,28680,62318
"Mid-year population estimate",2019,"Age 80-84",24723,18522,43245
"Mid-year population estimate",2019,"Age 85-89",15454,9426,24880
"Mid-year population estimate",2019,"Age 90+",9673,3971,13644
"Mid-year population estimate",2019,"All",964669,933850,1898519
"Mid-year population estimate",2020,"Age 0-4",56454,59686,116140
"Mid-year population estimate",2020,"Age 5-9",61484,64210,125694
"Mid-year population estimate",2020,"Age 10-14",60857,63893,124750
"Mid-year population estimate",2020,"Age 15-19",55255,57842,113097
"Mid-year population estimate",2020,"Age 20-24",54576,58397,112973
"Mid-year population estimate",2020,"Age 25-29",59282,58268,117550
"Mid-year population estimate",2020,"Age 30-34",64875,61404,126279
"Mid-year population estimate",2020,"Age 35-39",65129,61347,126476
"Mid-year population estimate",2020,"Age 40-44",61888,58642,120530
"Mid-year population estimate",2020,"Age 45-49",62770,60984,123754
"Mid-year population estimate",2020,"Age 50-54",66923,64611,131534
"Mid-year population estimate",2020,"Age 55-59",65075,63368,128443
"Mid-year population estimate",2020,"Age 60-64",56275,54344,110619
"Mid-year population estimate",2020,"Age 65-69",46311,45676,91987
"Mid-year population estimate",2020,"Age 70-74",43078,39790,82868
"Mid-year population estimate",2020,"Age 75-79",34844,29974,64818
"Mid-year population estimate",2020,"Age 80-84",24840,18912,43752
"Mid-year population estimate",2020,"Age 85-89",15725,9846,25571
"Mid-year population estimate",2020,"Age 90+",9768,3920,13688
"Mid-year population estimate",2020,"All",965409,935114,1900523
"Mid-year population estimate",2021,"Age 0-4",54983,58049,113032
"Mid-year population estimate",2021,"Age 5-9",60757,63779,124536
"Mid-year population estimate",2021,"Age 10-14",62103,65027,127130
"Mid-year population estimate",2021,"Age 15-19",55384,58394,113778
"Mid-year population estimate",2021,"Age 20-24",53372,56934,110306
"Mid-year population estimate",2021,"Age 25-29",58059,57882,115941
"Mid-year population estimate",2021,"Age 30-34",64715,60716,125431
"Mid-year population estimate",2021,"Age 35-39",65713,61916,127629
"Mid-year population estimate",2021,"Age 40-44",63225,59316,122541
"Mid-year population estimate",2021,"Age 45-49",61325,59613,120938
"Mid-year population estimate",2021,"Age 50-54",66775,63838,130613
"Mid-year population estimate",2021,"Age 55-59",65617,63919,129536
"Mid-year population estimate",2021,"Age 60-64",58174,55753,113927
"Mid-year population estimate",2021,"Age 65-69",47348,46599,93947
"Mid-year population estimate",2021,"Age 70-74",43281,40454,83735
"Mid-year population estimate",2021,"Age 75-79",36046,31216,67262
"Mid-year population estimate",2021,"Age 80-84",24941,19119,44060
"Mid-year population estimate",2021,"Age 85-89",16155,10167,26322
"Mid-year population estimate",2021,"Age 90+",9777,4123,13900
"Mid-year population estimate",2021,"All",967750,936814,1904564
"Mid-year population estimate",2022,"Age 0-4",54565,57367,111932
"Mid-year population estimate",2022,"Age 5-9",60334,63324,123658
"Mid-year population estimate",2022,"Age 10-14",63186,66103,129289
"Mid-year population estimate",2022,"Age 15-19",56224,59940,116164
"Mid-year population estimate",2022,"Age 20-24",50705,54699,105404
"Mid-year population estimate",2022,"Age 25-29",57391,57839,115230
"Mid-year population estimate",2022,"Age 30-34",64202,60587,124789
"Mid-year population estimate",2022,"Age 35-39",66539,62287,128826
"Mid-year population estimate",2022,"Age 40-44",64703,60428,125131
"Mid-year population estimate",2022,"Age 45-49",60331,58097,118428
"Mid-year population estimate",2022,"Age 50-54",65859,63344,129203
"Mid-year population estimate",2022,"Age 55-59",66357,64027,130384
"Mid-year population estimate",2022,"Age 60-64",59687,56969,116656
"Mid-year population estimate",2022,"Age 65-69",48682,47829,96511
"Mid-year population estimate",2022,"Age 70-74",42619,40134,82753
"Mid-year population estimate",2022,"Age 75-79",37570,32470,70040
"Mid-year population estimate",2022,"Age 80-84",25334,19728,45062
"Mid-year population estimate",2022,"Age 85-89",16447,10531,26978
"Mid-year population estimate",2022,"Age 90+",9861,4244,14105
"Mid-year population estimate",2022,"All",970596,939947,1910543
"Mid-year population estimate",2023,"Age 0-4",53474,56432,109906
"Mid-year population estimate",2023,"Age 5-9",59989,62938,122927
"Mid-year population estimate",2023,"Age 10-14",63313,66073,129386
"Mid-year population estimate",2023,"Age 15-19",58472,62148,120620
"Mid-year population estimate",2023,"Age 20-24",49244,53787,103031
"Mid-year population estimate",2023,"Age 25-29",57519,58616,116135
"Mid-year population estimate",2023,"Age 30-34",63370,60726,124096
"Mid-year population estimate",2023,"Age 35-39",67303,62619,129922
"Mid-year population estimate",2023,"Age 40-44",65846,61635,127481
"Mid-year population estimate",2023,"Age 45-49",59821,57160,116981
"Mid-year population estimate",2023,"Age 50-54",64987,62544,127531
"Mid-year population estimate",2023,"Age 55-59",66871,64065,130936
"Mid-year population estimate",2023,"Age 60-64",60709,58239,118948
"Mid-year population estimate",2023,"Age 65-69",50216,48973,99189
"Mid-year population estimate",2023,"Age 70-74",42842,40411,83253
"Mid-year population estimate",2023,"Age 75-79",37962,33016,70978
"Mid-year population estimate",2023,"Age 80-84",26441,20749,47190
"Mid-year population estimate",2023,"Age 85-89",16560,10898,27458
"Mid-year population estimate",2023,"Age 90+",9958,4456,14414
"Mid-year population estimate",2023,"All",974897,945485,1920382
"Mid-year population estimate",2024,"Age 0-4",52216,55050,107266
"Mid-year population estimate",2024,"Age 5-9",59588,62651,122239
"Mid-year population estimate",2024,"Age 10-14",63205,65929,129134
"Mid-year population estimate",2024,"Age 15-19",60067,63563,123630
"Mid-year population estimate",2024,"Age 20-24",49537,54099,103636
"Mid-year population estimate",2024,"Age 25-29",56881,59008,115889
"Mid-year population estimate",2024,"Age 30-34",62723,60608,123331
"Mid-year population estimate",2024,"Age 35-39",67367,63369,130736
"Mid-year population estimate",2024,"Age 40-44",66307,61887,128194
"Mid-year population estimate",2024,"Age 45-49",60417,57529,117946
"Mid-year population estimate",2024,"Age 50-54",63618,61397,125015
"Mid-year population estimate",2024,"Age 55-59",66641,63613,130254
"Mid-year population estimate",2024,"Age 60-64",62016,59375,121391
"Mid-year population estimate",2024,"Age 65-69",52010,49710,101720
"Mid-year population estimate",2024,"Age 70-74",42953,40827,83780
"Mid-year population estimate",2024,"Age 75-79",38071,33531,71602
"Mid-year population estimate",2024,"Age 80-84",27467,21761,49228
"Mid-year population estimate",2024,"Age 85-89",16941,11272,28213
"Mid-year population estimate",2024,"Age 90+",10040,4611,14651
"Mid-year population estimate",2024,"All",978065,949790,1927855
