"Statistic","Month","Car","LGV","HGV-RIG","HGV-ART","Bus","Caravan","Motorbike","All"
"Number of vehicles crossing border","2013M03",2599550,177848,86215,177925,16803,26881,7115,3092336
"Number of vehicles crossing border","2013M04",2624432,222590,86037,178754,18598,29997,10366,3170773
"Number of vehicles crossing border","2013M05",2741682,263940,94238,185944,22261,33647,17244,3358955
"Number of vehicles crossing border","2013M06",2673334,258512,85807,167523,24236,32027,14284,3255723
"Number of vehicles crossing border","2013M07",2904013,274987,89719,176360,23697,36423,18180,3523379
"Number of vehicles crossing border","2013M08",2941961,277417,88257,173500,23930,35110,14643,3554818
"Number of vehicles crossing border","2013M09",2587766,265086,87994,181361,21995,30641,12500,3187343
"Number of vehicles crossing border","2013M10",2699147,279295,91161,194422,22131,30129,7859,3324144
"Number of vehicles crossing border","2013M11",2551926,267029,86202,185796,18995,27138,5671,3142757
"Number of vehicles crossing border","2013M12",2524516,237988,69902,163907,16359,20816,4789,3038277
"Number of vehicles crossing border","2014M01",2479555,258789,77638,195135,18149,22457,5019,3056742
"Number of vehicles crossing border","2014M02",2334087,234620,71097,169735,18704,22419,4869,2855531
"Number of vehicles crossing border","2014M03",2681683,263304,79247,185506,20404,28384,7720,3266248
"Number of vehicles crossing border","2014M04",2744552,267634,79823,182334,20246,34792,12144,3341525
"Number of vehicles crossing border","2014M05",2835715,286005,85498,188286,23800,35402,16742,3471448
"Number of vehicles crossing border","2014M06",2780391,278127,83087,176937,23196,34285,16562,3392585
"Number of vehicles crossing border","2014M07",2982789,289272,84505,188437,22707,39296,14549,3621555
"Number of vehicles crossing border","2014M08",3092652,291049,81878,181009,23220,37417,15117,3722342
"Number of vehicles crossing border","2014M09",2727697,292118,88047,194890,22244,34166,14174,3373336
"Number of vehicles crossing border","2014M10",2788998,299307,86888,199602,20344,32736,8157,3436032
"Number of vehicles crossing border","2014M11",2608812,279532,78547,191879,18506,28582,5877,3211735
"Number of vehicles crossing border","2014M12",2606526,259773,69264,183559,15489,23178,4426,3162215
"Number of vehicles crossing border","2015M01",2372028,252999,69410,187464,15323,21818,4151,2923193
"Number of vehicles crossing border","2015M02",2416442,257631,74645,187500,15935,25162,5142,2982457
"Number of vehicles crossing border","2015M03",2729237,287289,82618,204375,19374,30226,7980,3361099
"Number of vehicles crossing border","2015M04",2788211,285529,82878,199631,19864,35334,11522,3422969
"Number of vehicles crossing border","2015M05",2897344,302103,82891,200262,21982,35473,15613,3555668
"Number of vehicles crossing border","2015M06",2834166,302654,87668,203436,24565,36608,15518,3504615
"Number of vehicles crossing border","2015M07",3133469,315854,87341,201700,24849,39954,14267,3817434
"Number of vehicles crossing border","2015M08",3180489,308914,84538,189876,24223,38939,15590,3842569
"Number of vehicles crossing border","2015M09",2687799,300011,87515,199778,22000,33775,12502,3343380
"Number of vehicles crossing border","2015M10",2809734,311932,85450,203861,20639,33169,9643,3474428
"Number of vehicles crossing border","2015M11",2580396,299319,79750,203253,18342,27866,5174,3214100
"Number of vehicles crossing border","2015M12",2684906,286187,72140,190640,15982,22643,4510,3277008
"Number of vehicles crossing border","2016M01",2540011,284056,73363,193604,16223,22954,4534,3134745
"Number of vehicles crossing border","2016M02",2575350,296330,80825,205337,17281,26546,5794,3207463
"Number of vehicles crossing border","2016M03",2911048,319953,86492,217199,20637,32077,8079,3595485
"Number of vehicles crossing border","2016M04",2827701,327836,88005,213592,20870,34751,9898,3522653
"Number of vehicles crossing border","2016M05",3003721,339293,90708,211673,23274,37687,16325,3722681
"Number of vehicles crossing border","2016M06",2897632,335971,91905,210514,25424,36414,14229,3612089
"Number of vehicles crossing border","2016M07",3275446,346745,88034,196922,26730,40244,14429,3988550
"Number of vehicles crossing border","2016M08",3287501,360797,95674,221502,25897,40805,15337,4047513
"Number of vehicles crossing border","2016M09",2884857,351322,93408,221596,24487,35029,10242,3620941
"Number of vehicles crossing border","2016M10",3056822,352312,91425,220193,22860,34980,9854,3788446
"Number of vehicles crossing border","2016M11",2868709,357244,91655,233506,19678,31873,4920,3607585
"Number of vehicles crossing border","2016M12",2828627,327563,75022,202395,17180,25773,4169,3480727
"Number of vehicles crossing border","2017M01",2615158,323370,78713,210093,16521,26150,3935,3273938
"Number of vehicles crossing border","2017M02",2585005,324733,80713,206786,17056,27473,4502,3246267
"Number of vehicles crossing border","2017M03",2913979,369803,92287,237413,20629,32246,7124,3673479
"Number of vehicles crossing border","2017M04",3006681,355530,85363,214501,22488,38397,11654,3734611
"Number of vehicles crossing border","2017M05",3060287,391180,98939,239238,26994,39872,16700,3873207
"Number of vehicles crossing border","2017M06",3022586,390748,94717,228040,32660,37271,12850,3818871
"Number of vehicles crossing border","2017M07",3311379,397979,90121,212572,33483,41572,12879,4099985
"Number of vehicles crossing border","2017M08",3352914,414531,91613,224951,34048,40569,11382,4170008
"Number of vehicles crossing border","2017M09",2957120,396803,91383,219695,32105,35329,9209,3741644
"Number of vehicles crossing border","2017M10",3009542,399538,90877,230680,29927,33883,6503,3800950
"Number of vehicles crossing border","2017M11",2904989,399522,91107,243807,26598,32458,4362,3702843
"Number of vehicles crossing border","2017M12",2844514,355198,71922,202167,22952,24352,3307,3524412
"Number of vehicles crossing border","2018M01",2639593,366657,78051,229638,23112,25748,3197,3365996
"Number of vehicles crossing border","2018M02",2614283,364920,79217,220901,23531,28180,3861,3334893
"Number of vehicles crossing border","2018M03",2836951,390336,84536,239249,26824,32409,5495,3615800
"Number of vehicles crossing border","2018M04",3004608,400369,84437,229370,29601,36724,8587,3793696
"Number of vehicles crossing border","2018M05",3223651,445423,96377,249855,33951,42452,15966,4107675
"Number of vehicles crossing border","2018M06",3140582,429567,91248,229882,35879,40870,15615,3983643
"Number of vehicles crossing border","2018M07",3392493,442213,91420,236383,36092,45052,14743,4258396
"Number of vehicles crossing border","2018M08",3413302,454318,91400,239974,36528,43249,12198,4290969
"Number of vehicles crossing border","2018M09",3027321,426930,88768,227463,34490,36239,10816,3852026
"Number of vehicles crossing border","2018M10",3126773,446923,94262,253631,32684,37273,8123,3999669
"Number of vehicles crossing border","2018M11",2923807,433134,86865,240267,29023,32985,6596,3752677
"Number of vehicles crossing border","2018M12",2936471,382794,70751,204477,25195,24915,3652,3648254
"Number of vehicles crossing border","2019M01",2740632,412896,82146,236134,26297,26454,3342,3527902
"Number of vehicles crossing border","2019M02",2697563,409261,80619,222925,26514,28615,4382,3469880
"Number of vehicles crossing border","2019M03",3030242,444888,87123,238395,32212,31917,5695,3870472
"Number of vehicles crossing border","2019M04",3052748,448577,88628,232487,32882,37358,8538,3901218
"Number of vehicles crossing border","2019M05",3177329,485237,97559,243052,37280,39957,13428,4093842
"Number of vehicles crossing border","2019M06",3244871,472116,92637,239579,39825,41718,14450,4145196
"Number of vehicles crossing border","2019M07",3496464,487261,94052,243265,39689,46799,13433,4420962
"Number of vehicles crossing border","2019M08",3480371,493658,95745,225744,37562,41596,11466,4386142
"Number of vehicles crossing border","2019M09",3002301,463574,91303,227236,34987,34290,9481,3863172
"Number of vehicles crossing border","2019M10",3151346,481783,95896,251723,33715,35732,6071,4056266
"Number of vehicles crossing border","2019M11",2951210,460071,86995,228753,30070,30584,3992,3791675
"Number of vehicles crossing border","2019M12",2937737,412632,70282,198096,25094,24564,3726,3672131
"Number of vehicles crossing border","2020M01",2812860,440966,80079,229737,26608,26505,3815,3620570
"Number of vehicles crossing border","2020M02",2748895,434605,79029,226716,26822,26657,3557,3546281
"Number of vehicles crossing border","2020M03",2128141,394666,79593,241905,22736,28565,5158,2900764
"Number of vehicles crossing border","2020M04",704834,173253,43505,170041,10204,16584,3412,1121833
"Number of vehicles crossing border","2020M05",1142572,271978,62023,197278,12104,27958,6246,1720159
"Number of vehicles crossing border","2020M06",1903088,392688,78660,230758,14473,34868,7073,2661608
"Number of vehicles crossing border","2020M07",2858880,485035,90096,248305,17475,44698,11104,3755593
"Number of vehicles crossing border","2020M08",3074094,480910,84826,232134,18571,42932,12575,3946043
"Number of vehicles crossing border","2020M09",2598978,459787,86918,252566,18749,40089,11096,3468184
"Number of vehicles crossing border","2020M10",1760416,401081,85146,261945,17270,34997,5042,2565899
"Number of vehicles crossing border","2020M11",1644444,394392,76004,243121,15100,30833,5033,2408928
"Number of vehicles crossing border","2020M12",2053387,383757,70108,237033,16349,28685,5273,2794593
"Number of vehicles crossing border","2021M01",1272824,305068,59928,208880,13599,22625,2691,1885615
"Number of vehicles crossing border","2021M02",1208344,313981,63933,221673,13322,25256,3332,1849841
"Number of vehicles crossing border","2021M03",1608779,398255,78577,256790,16663,33353,5071,2397488
"Number of vehicles crossing border","2021M04",1880438,417091,79330,249959,17502,37123,6980,2688423
"Number of vehicles crossing border","2021M05",2532165,484211,80255,244098,19902,41212,8415,3410258
"Number of vehicles crossing border","2021M06",2818051,513181,87584,246017,21280,42259,11558,3739930
"Number of vehicles crossing border","2021M07",3091154,530464,94437,243934,22127,45297,12235,4039648
"Number of vehicles crossing border","2021M08",3133927,531969,95125,237424,22745,43502,11686,4076378
"Number of vehicles crossing border","2021M09",2814542,531559,99464,253979,24479,41220,10103,3775346
"Number of vehicles crossing border","2021M10",2923087,530551,90102,243491,24938,39122,7104,3858395
"Number of vehicles crossing border","2021M11",2686223,522114,84766,253550,24071,34508,4921,3610153
"Number of vehicles crossing border","2021M12",2654933,464219,69668,220843,20247,27438,4225,3461573
"Number of vehicles crossing border","2022M01",2456889,468705,72558,234288,20344,29167,4412,3286363
"Number of vehicles crossing border","2022M02",2501452,474356,72249,231424,20503,29291,3625,3332900
"Number of vehicles crossing border","2022M03",2869647,522724,82482,262162,25795,35674,8602,3807086
"Number of vehicles crossing border","2022M04",3010026,514587,76143,240474,25935,39938,9292,3916395
"Number of vehicles crossing border","2022M05",3081174,541310,83352,249660,29632,40271,12878,4038277
"Number of vehicles crossing border","2022M06",3078606,535883,81514,243117,30592,39215,12251,4021178
"Number of vehicles crossing border","2022M07",3294103,536293,80513,236284,30953,44569,13230,4235945
"Number of vehicles crossing border","2022M08",3372897,563250,85610,249159,30112,45255,13473,4359756
"Number of vehicles crossing border","2022M09",3078829,550685,84651,248605,30733,39300,10039,4042842
"Number of vehicles crossing border","2022M10",3027130,529448,77405,236483,28761,35922,5928,3941077
"Number of vehicles crossing border","2022M11",2934316,536352,76206,246086,28482,33239,4945,3859626
"Number of vehicles crossing border","2022M12",2870592,473290,63861,212914,22249,25926,3626,3672458
"Number of vehicles crossing border","2023M01",2699460,488728,68027,229928,23015,27013,3802,3539973
"Number of vehicles crossing border","2023M02",2735961,484586,70299,223795,23645,30391,5467,3574144
"Number of vehicles crossing border","2023M03",2977712,539824,80669,253611,28765,34473,6116,3921170
"Number of vehicles crossing border","2023M04",3131682,520117,72580,227669,29612,38689,9517,4029866
"Number of vehicles crossing border","2023M05",3258965,577710,87855,261529,34428,43036,15105,4278628
"Number of vehicles crossing border","2023M06",3264617,569630,86968,249400,36598,42976,14182,4264371
"Number of vehicles crossing border","2023M07",3419595,573132,81952,230161,35280,44084,10521,4394725
"Number of vehicles crossing border","2023M08",3463579,583868,85223,247686,35446,44644,12354,4472800
"Number of vehicles crossing border","2023M09",3089195,537219,83272,243022,34617,39939,11058,4038322
"Number of vehicles crossing border","2023M10",3119690,539176,84510,249237,32886,38854,8790,4073143
"Number of vehicles crossing border","2023M11",2993002,539354,80519,254086,30289,35875,5029,3938154
"Number of vehicles crossing border","2023M12",3000380,472109,62323,212849,25411,26799,5026,3804897
"Number of vehicles crossing border","2024M01",2692941,482196,68643,233734,25654,27374,4099,3534641
"Number of vehicles crossing border","2024M02",2765234,495737,70722,233131,26977,30067,4947,3626815
"Number of vehicles crossing border","2024M03",3146605,536249,76443,248439,31810,35797,6723,4082066
"Number of vehicles crossing border","2024M04",3115060,539544,77475,245071,31922,38129,8980,4056181
"Number of vehicles crossing border","2024M05",3332204,590648,87964,260156,37489,44833,14257,4367551
"Number of vehicles crossing border","2024M06",3281569,555148,79535,235210,38612,41843,12670,4244587
